epoch,learningRate,trainAccuracy,testAccuracy,loss
0,0.00549102069325591,73.30434782608695,76.80995475113123,101.0
1,0.00549102069325591,73.21739130434783,77.26244343891403,40.63880103437797
2,0.00549102069325591,73.26086956521739,81.84389140271493,34.96603661257288
3,0.00549102069325591,74.17391304347827,81.90045248868778,29.70149257908697
4,0.00549102069325591,71.78260869565217,76.92307692307693,30.340557577817336
5,0.00549102069325591,72.43478260869566,82.97511312217195,31.17697828489801
6,0.00549102069325591,73.26086956521739,84.72850678733032,27.031919424948487
7,0.00549102069325591,72.47826086956522,82.01357466063348,23.057793534320332
8,0.00549102069325591,72.52173913043478,77.88461538461539,24.350915719633516
9,0.00549102069325591,71.65217391304348,83.65384615384616,29.404325524102088
10,0.00549102069325591,73.43478260869566,83.88009049773756,21.642047134430513
11,0.00549102069325591,73.34782608695652,82.97511312217195,21.949660713257995
12,0.00549102069325591,71.69565217391305,83.42760180995475,16.952653099661287
13,0.00549102069325591,74.0,85.06787330316742,14.848221521246478
14,0.00549102069325591,72.47826086956522,82.46606334841628,14.935582410544157
15,0.00549102069325591,74.17391304347827,80.54298642533936,11.117263867155366
16,0.00549102069325591,74.0,80.59954751131222,20.72000331852747
17,0.00549102069325591,73.3913043478261,84.33257918552036,27.414670910524286
18,0.00549102069325591,72.43478260869566,82.35294117647058,14.960922106452609
19,0.00549102069325591,74.30434782608695,83.76696832579185,11.170342920725131
20,0.00549102069325591,73.69565217391305,81.39140271493213,9.086165755339291
21,0.00549102069325591,73.69565217391305,83.31447963800905,12.938067086202942
22,0.00549102069325591,73.91304347826087,84.55882352941177,9.466300507926423
23,0.00549102069325591,74.91304347826087,82.35294117647058,5.939108698721216
24,0.00549102069325591,75.0,83.54072398190046,6.856912642057939
25,0.00549102069325591,73.34782608695652,82.29638009049773,4.631972066936609
26,0.00549102069325591,74.3913043478261,83.82352941176471,6.286018536142681
27,0.00549102069325591,74.65217391304348,82.86199095022624,6.978943652432898
28,0.00549102069325591,72.43478260869566,81.56108597285068,7.231051146822132
29,0.00549102069325591,73.3913043478261,80.31674208144797,14.138353956134422
30,0.00549102069325591,74.6086956521739,84.38914027149322,12.398958667788817
31,0.00549102069325591,74.30434782608695,83.93665158371041,8.100628318346065
32,0.00549102069325591,72.08695652173913,82.57918552036199,15.967155831015628
33,0.00549102069325591,73.78260869565217,81.84389140271493,8.369939272170482
34,0.00549102069325591,74.1304347826087,82.29638009049773,4.189599058514906
35,0.00549102069325591,74.3913043478261,84.0497737556561,3.8112721224973467
36,0.00549102069325591,73.6086956521739,81.39140271493213,5.321259442311914
37,0.00549102069325591,74.1304347826087,84.10633484162896,5.495798086707035
38,0.00549102069325591,72.52173913043478,82.97511312217195,7.172710341198937
39,0.00549102069325591,74.47826086956522,84.10633484162896,3.728764861032529
40,0.00549102069325591,74.34782608695652,83.88009049773756,2.6698738157511284
41,0.00549102069325591,75.56521739130434,83.710407239819,2.513870764129894
42,0.00549102069325591,75.47826086956522,83.1447963800905,2.077443027140006
43,0.00549102069325591,74.52173913043478,83.76696832579185,2.66320041213792
44,0.00549102069325591,73.52173913043478,80.76923076923077,13.430508566291435
45,0.00549102069325591,72.69565217391305,84.55882352941177,7.009110709085413
46,0.00549102069325591,72.26086956521739,81.95701357466064,3.552856080679466
47,0.00549102069325591,73.17391304347827,81.39140271493213,2.2184646205025036
48,0.00549102069325591,73.73913043478261,83.0316742081448,1.5540058689151446
49,0.00549102069325591,74.8695652173913,82.9185520361991,1.395066513517971
50,0.00549102069325591,75.08695652173913,83.3710407239819,2.818733423711582
51,0.00549102069325591,74.34782608695652,83.08823529411765,6.33461220473375
52,0.00549102069325591,73.08695652173913,81.95701357466064,6.388021203051523
53,0.00549102069325591,74.04347826086956,83.0316742081448,3.2226401031948626
54,0.00549102069325591,75.73913043478261,83.20135746606336,1.1246614811091644
55,0.00549102069325591,76.30434782608695,82.57918552036199,1.6058054845020902
56,0.00549102069325591,76.91304347826087,81.78733031674209,6.829974126657875
57,0.00549102069325591,72.95652173913044,82.18325791855203,5.602186738827225
58,0.00549102069325591,76.08695652173913,83.5972850678733,3.3786438607975193
59,0.00549102069325591,75.95652173913044,83.3710407239819,2.847742261975159
60,0.00549102069325591,76.08695652173913,84.16289592760181,1.5509183871924763
61,0.00549102069325591,76.91304347826087,83.3710407239819,0.39990297955228016
62,0.00549102069325591,77.6086956521739,83.42760180995475,0.12306047049249805
63,0.00549102069325591,81.73913043478261,83.65384615384616,0.03686840645771198
64,0.00549102069325591,81.21739130434783,83.82352941176471,0.011559483067210986
65,0.00549102069325591,82.21739130434783,83.76696832579185,0.006167846832676847
66,0.00549102069325591,83.82608695652173,83.76696832579185,0.004582550807595987
67,0.00549102069325591,84.73913043478261,83.82352941176471,0.0026052372185819445
68,0.00549102069325591,86.47826086956522,83.76696832579185,0.002312206837389211
69,0.00549102069325591,87.52173913043478,83.82352941176471,0.0016887660632144855
70,0.00549102069325591,87.08695652173913,83.82352941176471,0.0015847147101735373
71,0.00549102069325591,87.69565217391305,83.76696832579185,0.001321107198933809
72,0.00549102069325591,89.21739130434783,83.76696832579185,0.0012944171304673585
73,0.00549102069325591,89.30434782608695,83.88009049773756,0.0011056651643407943
74,0.00549102069325591,89.69565217391305,83.82352941176471,0.0009475039766347555
75,0.00549102069325591,89.26086956521739,83.82352941176471,0.0009680732051967187
76,0.00549102069325591,89.21739130434783,83.82352941176471,0.0008511207707699768
77,0.00549102069325591,89.47826086956522,83.82352941176471,0.0007894062935312594
78,0.00549102069325591,90.04347826086956,83.82352941176471,0.0007408221853705508
79,0.00549102069325591,90.26086956521739,83.76696832579185,0.0006820303042331943
80,0.00549102069325591,90.69565217391305,83.82352941176471,0.0006228404560181883
81,0.00549102069325591,91.6086956521739,83.82352941176471,0.0005999984840868769
82,0.00549102069325591,91.6086956521739,83.65384615384616,0.0005597511052465744
83,0.00549102069325591,91.30434782608695,83.76696832579185,0.0005463811379760717
84,0.00549102069325591,92.04347826086956,83.76696832579185,0.0005093767109211393
85,0.00549102069325591,92.1304347826087,83.76696832579185,0.0005048185321900588
86,0.00549102069325591,91.30434782608695,83.82352941176471,0.00047437767664944107
87,0.00549102069325591,91.43478260869566,83.5972850678733,0.00048571202350568336
88,0.00549102069325591,91.3913043478261,83.76696832579185,0.0004423354055135228
89,0.00549102069325591,91.6086956521739,83.65384615384616,0.0004023109404418234
90,0.00549102069325591,92.6086956521739,83.54072398190046,0.0003977983227613272
91,0.00549102069325591,92.82608695652173,83.710407239819,0.0003795219438119523
92,0.00549102069325591,93.0,83.5972850678733,0.0003772765178913905
93,0.00549102069325591,92.91304347826087,83.710407239819,0.0003524479983920885
94,0.00549102069325591,92.21739130434783,83.5972850678733,0.000340682419843945
95,0.00549102069325591,93.30434782608695,83.5972850678733,0.00032365235973014455
96,0.00549102069325591,92.52173913043478,83.5972850678733,0.0003058868792038538
97,0.00549102069325591,93.34782608695652,83.5972850678733,0.000296134451824183
98,0.00549102069325591,93.34782608695652,83.54072398190046,0.00028645691038157707
99,0.00549102069325591,92.65217391304348,83.5972850678733,0.0002745520735975728
100,0.00549102069325591,93.52173913043478,83.54072398190046,0.0002637213305473304
101,0.00549102069325591,93.47826086956522,83.54072398190046,0.0002529787019944291
102,0.00549102069325591,93.52173913043478,83.54072398190046,0.00024706013181554823
103,0.00549102069325591,93.52173913043478,83.54072398190046,0.0002415842135961987
104,0.00549102069325591,92.82608695652173,83.48416289592761,0.00023036010866568947
105,0.00549102069325591,93.65217391304348,83.54072398190046,0.00022111983777521783
106,0.00549102069325591,93.65217391304348,83.54072398190046,0.00021783410191018692
107,0.00549102069325591,94.0,83.54072398190046,0.00020782230867998015
108,0.00549102069325591,94.0,83.54072398190046,0.00019867662848999825
109,0.00549102069325591,93.30434782608695,83.54072398190046,0.0002095929468242977
110,0.00549102069325591,94.04347826086956,83.48416289592761,0.0001864372277816034
111,0.00549102069325591,93.30434782608695,83.54072398190046,0.00018133278056693499
112,0.00549102069325591,94.21739130434783,83.54072398190046,0.0001747080817484358
113,0.00549102069325591,93.56521739130434,83.5972850678733,0.00018793992918838978
114,0.00549102069325591,94.43478260869566,83.48416289592761,0.0001654193477230098
115,0.00549102069325591,93.6086956521739,83.48416289592761,0.00016456253041991184
116,0.00549102069325591,94.52173913043478,83.48416289592761,0.00015362426799655444
117,0.00549102069325591,94.43478260869566,83.65384615384616,0.0001509385967324306
118,0.00549102069325591,93.56521739130434,83.48416289592761,0.00014507532050654092
119,0.00549102069325591,94.52173913043478,83.5972850678733,0.0001404051071967447
120,0.00549102069325591,94.6086956521739,83.54072398190046,0.0001391736022851707
121,0.00549102069325591,94.6086956521739,83.54072398190046,0.00014158280521314737
122,0.00549102069325591,94.65217391304348,83.54072398190046,0.0001287457371167084
123,0.00549102069325591,94.82608695652173,83.54072398190046,0.00012671581321624018
124,0.00549102069325591,94.78260869565217,83.54072398190046,0.00012338710837983305
125,0.00549102069325591,94.08695652173913,83.48416289592761,0.00017044186376858266
126,0.00549102069325591,94.26086956521739,83.48416289592761,0.00013073437616724178
127,0.00549102069325591,95.04347826086956,83.48416289592761,0.0001141139482656498
128,0.00549102069325591,95.08695652173913,83.54072398190046,0.0001067758809447167
129,0.00549102069325591,94.3913043478261,83.54072398190046,0.00010485800431233064
130,0.00549102069325591,94.34782608695652,83.54072398190046,0.00012533817198036857
131,0.00549102069325591,95.21739130434783,83.48416289592761,9.78869153926879e-05
132,0.00549102069325591,94.47826086956522,83.48416289592761,0.00011489471695593005
133,0.00549102069325591,94.47826086956522,83.48416289592761,0.00014724852189736427
134,0.00549102069325591,95.08695652173913,83.65384615384616,9.229460524149702e-05
135,0.00549102069325591,95.26086956521739,83.65384615384616,9.063334528484599e-05
136,0.00549102069325591,94.52173913043478,83.5972850678733,8.820624754659805e-05
137,0.00549102069325591,95.3913043478261,83.48416289592761,8.291151645438603e-05
138,0.00549102069325591,95.34782608695652,83.54072398190046,8.060156245625689e-05
139,0.00549102069325591,95.47826086956522,83.5972850678733,7.8573489457829e-05
140,0.00549102069325591,95.47826086956522,83.5972850678733,7.706792871122458e-05
141,0.00549102069325591,95.52173913043478,83.54072398190046,7.45328841813746e-05
142,0.00549102069325591,95.47826086956522,83.5972850678733,7.294624761624762e-05
143,0.00549102069325591,95.56521739130434,83.5972850678733,7.177919560373014e-05
144,0.00549102069325591,95.52173913043478,83.48416289592761,6.953575891706667e-05
145,0.00549102069325591,95.6086956521739,83.54072398190046,6.771753135435277e-05
146,0.00549102069325591,95.6086956521739,83.48416289592761,6.64135773931207e-05
147,0.00549102069325591,94.91304347826087,83.54072398190046,7.26752598622721e-05
148,0.00549102069325591,95.69565217391305,83.42760180995475,6.281679866898779e-05
149,0.00549102069325591,95.8695652173913,83.42760180995475,6.950289528834011e-05
150,0.00549102069325591,95.78260869565217,83.5972850678733,6.0055054579530186e-05
151,0.00549102069325591,95.8695652173913,83.54072398190046,5.9968326061443164e-05
152,0.00549102069325591,95.91304347826087,83.5972850678733,6.10599072598214e-05
153,0.00549102069325591,95.78260869565217,83.5972850678733,5.56257458491107e-05
154,0.00549102069325591,95.08695652173913,83.54072398190046,5.5069382391390875e-05
155,0.00549102069325591,95.8695652173913,83.5972850678733,5.890630860003066e-05
156,0.00549102069325591,95.95652173913044,83.5972850678733,5.2224207914696805e-05
157,0.00549102069325591,95.91304347826087,83.5972850678733,5.074618123201014e-05
158,0.00549102069325591,96.08695652173913,83.5972850678733,5.0013252075030856e-05
159,0.00549102069325591,96.04347826086956,83.5972850678733,4.857730659946213e-05
160,0.00549102069325591,96.08695652173913,83.5972850678733,4.7449964259210055e-05
161,0.00549102069325591,96.1304347826087,83.5972850678733,4.638089658038286e-05
162,0.00549102069325591,95.91304347826087,83.5972850678733,4.525921712768096e-05
163,0.00549102069325591,96.1304347826087,83.5972850678733,4.4360247533263745e-05
164,0.00549102069325591,96.04347826086956,83.5972850678733,4.382977430656578e-05
165,0.00549102069325591,96.0,83.54072398190046,4.2598746474237466e-05
166,0.00549102069325591,96.0,83.54072398190046,4.519106991999731e-05
167,0.00549102069325591,96.17391304347827,83.5972850678733,4.099922703559855e-05
168,0.00549102069325591,96.1304347826087,83.54072398190046,3.967508353929855e-05
169,0.00549102069325591,96.1304347826087,83.54072398190046,3.86465451910876e-05
170,0.00549102069325591,96.08695652173913,83.54072398190046,3.7893356983632465e-05
171,0.00549102069325591,96.30434782608695,83.54072398190046,3.727785491113445e-05
172,0.00549102069325591,96.1304347826087,83.54072398190046,3.6500375807814514e-05
173,0.00549102069325591,96.34782608695652,83.54072398190046,3.569455500063157e-05
174,0.00549102069325591,96.43478260869566,83.54072398190046,3.490896359614265e-05
175,0.00549102069325591,96.34782608695652,83.54072398190046,3.4289419582949456e-05
176,0.00549102069325591,96.56521739130434,83.54072398190046,3.392902573388621e-05
177,0.00549102069325591,95.69565217391305,83.54072398190046,3.333374397376919e-05
178,0.00549102069325591,96.43478260869566,83.54072398190046,3.192863486258029e-05
179,0.00549102069325591,96.56521739130434,83.54072398190046,3.114305599106121e-05
180,0.00549102069325591,96.6086956521739,83.54072398190046,3.065714106537351e-05
181,0.00549102069325591,95.78260869565217,83.54072398190046,3.8536141667083505e-05
182,0.00549102069325591,96.6086956521739,83.5972850678733,3.401069208003557e-05
183,0.00549102069325591,96.56521739130434,83.5972850678733,2.8976667552372682e-05
184,0.00549102069325591,96.56521739130434,83.54072398190046,2.8203236300961482e-05
185,0.00549102069325591,96.6086956521739,83.54072398190046,2.7761872075600678e-05
186,0.00549102069325591,96.47826086956522,83.5972850678733,2.7199011821543234e-05
187,0.00549102069325591,96.65217391304348,83.5972850678733,2.6530866319333153e-05
188,0.00549102069325591,96.73913043478261,83.54072398190046,2.5862728789489793e-05
189,0.00549102069325591,96.65217391304348,83.54072398190046,2.5579279390271996e-05
190,0.00549102069325591,95.95652173913044,83.5972850678733,2.564000598697006e-05
191,0.00549102069325591,96.73913043478261,83.5972850678733,2.4404973980837618e-05
192,0.00549102069325591,96.69565217391305,83.5972850678733,2.3909330758720632e-05
193,0.00549102069325591,96.73913043478261,83.5972850678733,2.353032019665529e-05
194,0.00549102069325591,96.8695652173913,83.5972850678733,2.3129433989333354e-05
195,0.00549102069325591,96.95652173913044,83.5972850678733,2.2522040361186075e-05
196,0.00549102069325591,96.8695652173913,83.5972850678733,2.2303377332439535e-05
197,0.00549102069325591,96.95652173913044,83.5972850678733,2.166358487574472e-05
198,0.00549102069325591,96.17391304347827,83.5972850678733,2.1970506830262924e-05
199,0.00549102069325591,97.0,83.5972850678733,2.0991400420787503e-05
200,0.00549102069325591,97.04347826086956,83.5972850678733,2.0578371395313617e-05
201,0.00549102069325591,97.04347826086956,83.5972850678733,2.1029448860548676e-05
202,0.00549102069325591,96.95652173913044,83.5972850678733,1.962273417185308e-05
203,0.00549102069325591,96.26086956521739,83.5972850678733,2.055891324235033e-05
204,0.00549102069325591,97.08695652173913,83.5972850678733,1.9088228938542475e-05
205,0.00549102069325591,97.0,83.5972850678733,1.867924916578916e-05
206,0.00549102069325591,97.08695652173913,83.5972850678733,1.921859887657594e-05
207,0.00549102069325591,97.0,83.5972850678733,1.8171464140167522e-05
208,0.00549102069325591,97.08695652173913,83.5972850678733,2.0216324261977608e-05
209,0.00549102069325591,96.95652173913044,83.5972850678733,1.7164811539277274e-05
210,0.00549102069325591,97.04347826086956,83.5972850678733,2.1231865241789627e-05
211,0.00549102069325591,97.08695652173913,83.5972850678733,1.684087338471585e-05
212,0.00549102069325591,97.04347826086956,83.5972850678733,1.6302313253924655e-05
213,0.00549102069325591,97.04347826086956,83.5972850678733,1.6221327170384825e-05
214,0.00549102069325591,97.0,83.5972850678733,1.5796156537384793e-05
215,0.00549102069325591,96.26086956521739,83.5972850678733,1.5515131102577833e-05
216,0.00549102069325591,96.95652173913044,83.5972850678733,1.5257597471442292e-05
217,0.00549102069325591,97.08695652173913,83.5972850678733,1.4999250334522273e-05
218,0.00549102069325591,97.0,83.5972850678733,1.4516578773831442e-05
219,0.00549102069325591,97.17391304347827,83.5972850678733,1.4374854746148829e-05
220,0.00549102069325591,97.1304347826087,83.5972850678733,1.4030665191030902e-05
221,0.00549102069325591,96.34782608695652,83.5972850678733,2.3929470571243634e-05
222,0.00549102069325591,97.1304347826087,83.54072398190046,1.3338237505793229e-05
223,0.00549102069325591,97.26086956521739,83.5972850678733,1.3253205405591597e-05
224,0.00549102069325591,97.26086956521739,83.5972850678733,1.3014298141571414e-05
225,0.00549102069325591,96.43478260869566,83.5972850678733,1.4116493985344183e-05
226,0.00549102069325591,97.3913043478261,83.5972850678733,1.2524335010634441e-05
227,0.00549102069325591,97.30434782608695,83.5972850678733,1.2192294186812832e-05
228,0.00549102069325591,97.30434782608695,83.5972850678733,1.1969583706803261e-05
229,0.00549102069325591,97.21739130434783,83.5972850678733,1.2472496515785094e-05
230,0.00549102069325591,97.21739130434783,83.5972850678733,1.1669938286249804e-05
231,0.00549102069325591,97.3913043478261,83.5972850678733,1.1398636699256748e-05
232,0.00549102069325591,97.30434782608695,83.5972850678733,1.122046923489992e-05
233,0.00549102069325591,97.34782608695652,83.5972850678733,1.3488040331010176e-05
234,0.00549102069325591,97.26086956521739,83.5972850678733,1.0839838145933502e-05
235,0.00549102069325591,97.30434782608695,83.5972850678733,1.0604980221520908e-05
236,0.00549102069325591,97.3913043478261,83.5972850678733,1.0422763497685633e-05
237,0.00549102069325591,97.47826086956522,83.5972850678733,1.0179807781270874e-05
238,0.00549102069325591,97.43478260869566,83.5972850678733,1.0021885575523695e-05
239,0.00549102069325591,97.56521739130434,83.5972850678733,9.888259992461302e-06
240,0.00549102069325591,97.47826086956522,83.5972850678733,9.726289150891393e-06
241,0.00549102069325591,97.43478260869566,83.5972850678733,9.540023602978179e-06
242,0.00549102069325591,97.47826086956522,83.5972850678733,9.41449656783502e-06
243,0.00549102069325591,97.43478260869566,83.5972850678733,9.236328091727122e-06
244,0.00549102069325591,97.43478260869566,83.5972850678733,9.110801339449482e-06
245,0.00549102069325591,97.47826086956522,83.5972850678733,9.017668561631229e-06
246,0.00549102069325591,97.52173913043478,83.5972850678733,8.778762123037733e-06
247,0.00549102069325591,97.56521739130434,83.5972850678733,8.632988483501537e-06
248,0.00549102069325591,97.6086956521739,83.5972850678733,8.49531397016596e-06
249,0.00549102069325591,97.56521739130434,83.5972850678733,8.385983670762844e-06
250,0.00549102069325591,97.52173913043478,83.5972850678733,8.31714690548942e-06
251,0.00549102069325591,97.43478260869566,83.5972850678733,8.114683439207289e-06
252,0.00549102069325591,97.43478260869566,83.5972850678733,7.952712865056316e-06
253,0.00549102069325591,97.43478260869566,83.5972850678733,7.895213302457131e-06
254,0.00549102069325591,97.56521739130434,83.5972850678733,7.746200983065235e-06
255,0.00549102069325591,97.47826086956522,83.5972850678733,7.592329496498429e-06
256,0.00549102069325591,97.52173913043478,83.5972850678733,7.450605439853473e-06
257,0.00549102069325591,97.52173913043478,83.5972850678733,7.377718959427456e-06
258,0.00549102069325591,97.47826086956522,83.5972850678733,7.2643398311193455e-06
259,0.00549102069325591,97.43478260869566,83.5972850678733,7.110467833849947e-06
260,0.00549102069325591,97.56521739130434,83.5972850678733,7.041630690135284e-06
261,0.00549102069325591,96.73913043478261,83.5972850678733,9.547296552370671e-06
262,0.00549102069325591,97.73913043478261,83.54072398190046,6.908005970150617e-06
263,0.00549102069325591,97.73913043478261,83.54072398190046,6.701493750265572e-06
264,0.00549102069325591,96.91304347826087,83.54072398190046,6.794625045212029e-06
265,0.00549102069325591,97.69565217391305,83.54072398190046,6.4301934347192305e-06
266,0.00549102069325591,97.65217391304348,83.54072398190046,6.304666693061116e-06
267,0.00549102069325591,97.56521739130434,83.54072398190046,6.207484638387012e-06
268,0.00549102069325591,97.65217391304348,83.54072398190046,6.106253404363601e-06
269,0.00549102069325591,97.69565217391305,83.54072398190046,5.992874341703461e-06
270,0.00549102069325591,96.8695652173913,83.54072398190046,6.234207964354564e-06
271,0.00549102069325591,97.6086956521739,83.54072398190046,6.056851046796498e-06
272,0.00549102069325591,96.78260869565217,83.54072398190046,6.413992989868874e-06
273,0.00549102069325591,97.78260869565217,83.54072398190046,5.575801929348223e-06
274,0.00549102069325591,97.8695652173913,83.54072398190046,5.478620051344392e-06
275,0.00549102069325591,97.91304347826087,83.54072398190046,5.421930415749898e-06
276,0.00549102069325591,97.78260869565217,83.54072398190046,5.349044088824282e-06
277,0.00549102069325591,97.78260869565217,83.54072398190046,5.259960509663563e-06
278,0.00549102069325591,97.82608695652173,83.54072398190046,5.14253213249653e-06
279,0.00549102069325591,97.78260869565217,83.54072398190046,5.085842902374793e-06
280,0.00549102069325591,97.78260869565217,83.54072398190046,5.0008088018408925e-06
281,0.00549102069325591,97.82608695652173,83.54072398190046,4.984611831505896e-06
282,0.00549102069325591,97.8695652173913,83.54072398190046,4.859085067643321e-06
283,0.00549102069325591,97.78260869565217,83.48416289592761,4.7578536183331845e-06
284,0.00549102069325591,97.78260869565217,83.54072398190046,4.729509188148585e-06
285,0.00549102069325591,97.91304347826087,83.48416289592761,4.612080900764805e-06
286,0.00549102069325591,97.91304347826087,83.48416289592761,4.571588574364682e-06
287,0.00549102069325591,97.17391304347827,83.48416289592761,6.628598687332869e-06
288,0.00549102069325591,97.69565217391305,83.54072398190046,4.36102784416038e-06
289,0.00549102069325591,97.78260869565217,83.54072398190046,4.377224857938885e-06
290,0.00549102069325591,97.8695652173913,83.48416289592761,4.284092138045312e-06
291,0.00549102069325591,97.78260869565217,83.48416289592761,4.17071330032601e-06
292,0.00549102069325591,97.8695652173913,83.48416289592761,4.157755568819872e-06
293,0.00549102069325591,97.82608695652173,83.48416289592761,4.073531424253002e-06
294,0.00549102069325591,97.04347826086956,83.48416289592761,4.227401865279344e-06
295,0.00549102069325591,97.8695652173913,83.54072398190046,3.979588830452362e-06
296,0.00549102069325591,97.8695652173913,83.48416289592761,3.9075125849972485e-06
297,0.00549102069325591,97.82608695652173,83.48416289592761,3.8265277188411e-06
298,0.00549102069325591,97.8695652173913,83.48416289592761,3.7455428555811863e-06
299,0.00549102069325591,97.95652173913044,83.48416289592761,3.6969518847206966e-06
300,0.00549102069325591,97.91304347826087,83.48416289592761,3.644311808847572e-06
301,0.00549102069325591,97.91304347826087,83.48416289592761,3.61191764902921e-06
302,0.00549102069325591,97.8695652173913,83.42760180995475,3.5957208756381256e-06
303,0.00549102069325591,97.8695652173913,83.48416289592761,3.474243626122586e-06
304,0.00549102069325591,97.82608695652173,83.48416289592761,3.3932588275452305e-06
305,0.00549102069325591,97.91304347826087,83.48416289592761,3.332520233680624e-06
306,0.00549102069325591,97.91304347826087,83.42760180995475,3.316323307754549e-06
307,0.00549102069325591,97.82608695652173,83.42760180995475,3.231289249698747e-06
308,0.00549102069325591,97.95652173913044,83.42760180995475,3.1948459848677495e-06
309,0.00549102069325591,97.8695652173913,83.42760180995475,3.189986761698981e-06
310,0.00549102069325591,98.04347826086956,83.42760180995475,3.1057627542205193e-06
311,0.00549102069325591,97.95652173913044,83.48416289592761,3.0733688454091017e-06
312,0.00549102069325591,98.0,83.42760180995475,3.0247779817092693e-06
313,0.00549102069325591,97.95652173913044,83.42760180995475,2.9761870484998223e-06
314,0.00549102069325591,98.0,83.42760180995475,2.9437931223110008e-06
315,0.00549102069325591,97.91304347826087,83.48416289592761,2.9113991961221797e-06
316,0.00549102069325591,97.95652173913044,83.42760180995475,2.8344636666773844e-06
317,0.00549102069325591,98.0,83.48416289592761,2.857949105391934e-06
318,0.00549102069325591,97.91304347826087,83.48416289592761,2.749429648203446e-06
319,0.00549102069325591,97.8695652173913,83.48416289592761,2.729183550651355e-06
320,0.00549102069325591,97.17391304347827,83.54072398190046,2.780203653769505e-06
321,0.00549102069325591,97.8695652173913,83.48416289592761,2.7356619810039162e-06
322,0.00549102069325591,97.8695652173913,83.42760180995475,2.59150937424433e-06
323,0.00549102069325591,98.0,83.48416289592761,2.551016959991777e-06
324,0.00549102069325591,97.95652173913044,83.54072398190046,2.5226723376903237e-06
325,0.00549102069325591,97.95652173913044,83.54072398190046,2.4862292186364368e-06
326,0.00549102069325591,98.04347826086956,83.48416289592761,2.453835294378438e-06
327,0.00549102069325591,97.95652173913044,83.48416289592761,2.433589100285214e-06
328,0.00549102069325591,98.0,83.48416289592761,2.348555153251714e-06
329,0.00549102069325591,98.08695652173913,83.48416289592761,2.3242597547084887e-06
330,0.00549102069325591,97.26086956521739,83.48416289592761,5.393581003077447e-06
331,0.00549102069325591,98.21739130434783,83.54072398190046,2.4011955670188025e-06
332,0.00549102069325591,98.3913043478261,83.48416289592761,2.3769000593840972e-06
333,0.00549102069325591,98.34782608695652,83.48416289592761,2.2392257449232527e-06
334,0.00549102069325591,98.08695652173913,83.48416289592761,2.137994943404116e-06
335,0.00549102069325591,98.04347826086956,83.48416289592761,2.1056009747371962e-06
336,0.00549102069325591,98.26086956521739,83.48416289592761,2.0610593232106567e-06
337,0.00549102069325591,98.21739130434783,83.48416289592761,2.072397102235458e-06
338,0.00549102069325591,98.21739130434783,83.48416289592761,2.0958825737739928e-06
339,0.00549102069325591,98.1304347826087,83.54072398190046,1.9962715229652255e-06
340,0.00549102069325591,98.04347826086956,83.54072398190046,1.9395822484345677e-06
341,0.00549102069325591,98.1304347826087,83.48416289592761,1.919336068822514e-06
342,0.00549102069325591,98.21739130434783,83.48416289592761,1.8828929092213513e-06
343,0.00549102069325591,97.43478260869566,83.54072398190046,6.019590637545738e-06
344,0.00549102069325591,97.26086956521739,83.65384615384616,2.1533813582516483e-06
345,0.00549102069325591,98.1304347826087,83.5972850678733,1.8464497525164225e-06
346,0.00549102069325591,98.08695652173913,83.5972850678733,1.8213444404842651e-06
347,0.00549102069325591,98.08695652173913,83.48416289592761,1.7249726912560919e-06
348,0.00549102069325591,98.21739130434783,83.48416289592761,1.7047265058515702e-06
349,0.00549102069325591,98.26086956521739,83.48416289592761,1.6642341929672062e-06
350,0.00549102069325591,98.26086956521739,83.48416289592761,1.6277910941869569e-06
351,0.00549102069325591,98.34782608695652,83.48416289592761,1.5953972037183544e-06
352,0.00549102069325591,98.43478260869566,83.48416289592761,1.5792002594494647e-06
353,0.00549102069325591,98.30434782608695,83.48416289592761,2.5145726254850307e-06
354,0.00549102069325591,98.26086956521739,83.5972850678733,1.5346587363226312e-06
355,0.00549102069325591,98.1304347826087,83.5972850678733,1.5630033731052544e-06
356,0.00549102069325591,98.26086956521739,83.54072398190046,1.5225109993999768e-06
357,0.00549102069325591,98.3913043478261,83.48416289592761,1.4901171301704235e-06
358,0.00549102069325591,98.3913043478261,83.54072398190046,1.4496247844620747e-06
359,0.00549102069325591,98.34782608695652,83.48416289592761,1.425329384953438e-06
360,0.00549102069325591,97.65217391304348,83.48416289592761,3.8459609014404474e-06
361,0.00549102069325591,98.30434782608695,83.65384615384616,1.4803988257483525e-06
362,0.00549102069325591,98.30434782608695,83.65384615384616,1.4253294699096346e-06
363,0.00549102069325591,98.26086956521739,83.48416289592761,1.3443447292569588e-06
364,0.00549102069325591,98.43478260869566,83.54072398190046,1.3079016188917738e-06
365,0.00549102069325591,98.47826086956522,83.54072398190046,1.2876554151444368e-06
366,0.00549102069325591,98.56521739130434,83.54072398190046,1.2512123260183008e-06
367,0.00549102069325591,98.43478260869566,83.48416289592761,1.2552615681193442e-06
368,0.00549102069325591,98.56521739130434,83.54072398190046,1.2309661589565943e-06
369,0.00549102069325591,98.43478260869566,83.48416289592761,1.584868825549071e-06
370,0.00549102069325591,98.52173913043478,83.54072398190046,1.186424654172576e-06
371,0.00549102069325591,98.47826086956522,83.54072398190046,1.1702276963879277e-06
372,0.00549102069325591,98.43478260869566,83.54072398190046,1.1621292073587843e-06
373,0.00549102069325591,98.47826086956522,83.48416289592761,1.129735361299103e-06
374,0.00549102069325591,98.3913043478261,83.48416289592761,1.1216369012322998e-06
375,0.00549102069325591,98.52173913043478,83.54072398190046,1.10544000813021e-06
376,0.00549102069325591,98.47826086956522,83.48416289592761,1.0932922847233142e-06
377,0.00549102069325591,98.69565217391305,83.48416289592761,1.0730461176616077e-06
378,0.00549102069325591,98.56521739130434,83.48416289592761,1.0649476460098684e-06
379,0.00549102069325591,98.65217391304348,83.48416289592761,1.0447014635015806e-06
380,0.00549102069325591,98.69565217391305,83.48416289592761,1.0285045395063286e-06
381,0.00549102069325591,98.56521739130434,83.48416289592761,1.0244553157481007e-06
382,0.00549102069325591,98.65217391304348,83.48416289592761,1.0082583849949693e-06
383,0.00549102069325591,98.65217391304348,83.48416289592761,9.961106915158247e-07
384,0.00549102069325591,98.69565217391305,83.48416289592761,9.799137578664594e-07
385,0.00549102069325591,97.82608695652173,83.48416289592761,1.3937450198784147e-06
386,0.00549102069325591,98.78260869565217,83.48416289592761,9.677660672835486e-07
387,0.00549102069325591,98.73913043478261,83.48416289592761,1.0471309442727301e-06
388,0.00549102069325591,98.82608695652173,83.48416289592761,9.313229713995335e-07
389,0.00549102069325591,98.78260869565217,83.48416289592761,9.272737515029507e-07
390,0.00549102069325591,98.73913043478261,83.48416289592761,9.070275718908968e-07
391,0.00549102069325591,98.65217391304348,83.48416289592761,9.029783481326689e-07
392,0.00549102069325591,98.82608695652173,83.48416289592761,8.867814347569414e-07
393,0.00549102069325591,98.78260869565217,83.48416289592761,8.705844924188741e-07
394,0.00549102069325591,98.91304347826087,83.48416289592761,8.543875722852675e-07
395,0.00549102069325591,98.91304347826087,83.48416289592761,8.341414254971986e-07
396,0.00549102069325591,98.8695652173913,83.48416289592761,8.422398952181153e-07
397,0.00549102069325591,98.82608695652173,83.48416289592761,8.098460298502074e-07
398,0.00549102069325591,98.82608695652173,83.48416289592761,8.017475736450494e-07
399,0.00549102069325591,98.8695652173913,83.48416289592761,8.017475601292907e-07
400,0.00549102069325591,98.95652173913044,83.48416289592761,8.098460163344489e-07
401,0.00549102069325591,99.08695652173913,83.48416289592761,7.653044796918567e-07
402,0.00549102069325591,98.8695652173913,83.48416289592761,7.491075605236614e-07
403,0.00549102069325591,99.0,83.48416289592761,7.491075605236614e-07
404,0.00549102069325591,98.30434782608695,83.48416289592761,8.20373982273096e-07
405,0.00549102069325591,99.17391304347827,83.48416289592761,7.086152611550559e-07
406,0.00549102069325591,99.1304347826087,83.48416289592761,7.248121803232513e-07
407,0.00549102069325591,99.17391304347827,83.48416289592761,6.843198722659439e-07
408,0.00549102069325591,99.1304347826087,83.48416289592761,6.92418322678634e-07
409,0.00549102069325591,99.08695652173913,83.48416289592761,6.843198645426534e-07
410,0.00549102069325591,99.1304347826087,83.48416289592761,6.721721749251539e-07
411,0.00549102069325591,99.08695652173913,83.48416289592761,6.64073698446358e-07
412,0.00549102069325591,99.26086956521739,83.48416289592761,7.11854595559635e-07
413,0.00549102069325591,99.17391304347827,83.48416289592761,6.397783279000613e-07
414,0.00549102069325591,99.17391304347827,83.48416289592761,6.316798639716126e-07
415,0.00549102069325591,99.26086956521739,83.48416289592761,6.195321646999999e-07
416,0.00549102069325591,99.26086956521739,83.48416289592761,6.154829399763606e-07
417,0.00549102069325591,99.17391304347827,83.48416289592761,6.03335240704748e-07
418,0.00549102069325591,99.17391304347827,83.48416289592761,5.952367796725333e-07
419,0.00549102069325591,99.17391304347827,83.48416289592761,5.871383128478507e-07
420,0.00549102069325591,99.21739130434783,83.48416289592761,5.709413936796552e-07
421,0.00549102069325591,99.17391304347827,83.48416289592761,5.709413965758892e-07
422,0.00549102069325591,99.21739130434783,83.48416289592761,5.749906280574079e-07
423,0.00549102069325591,99.26086956521739,83.48416289592761,5.628429355436745e-07
424,0.00549102069325591,99.21739130434783,83.48416289592761,5.587936963388652e-07
425,0.00549102069325591,99.17391304347827,83.48416289592761,7.41818847895042e-07
426,0.00549102069325591,99.21739130434783,83.54072398190046,5.466460212025358e-07
427,0.00549102069325591,99.21739130434783,83.54072398190046,5.385475427929172e-07
428,0.00549102069325591,99.21739130434783,83.54072398190046,5.385475524470305e-07
429,0.00549102069325591,99.21739130434783,83.54072398190046,5.822792113209096e-07
430,0.00549102069325591,99.21739130434783,83.48416289592761,5.223506323134237e-07
431,0.00549102069325591,99.21739130434783,83.48416289592761,6.575948577939836e-07
432,0.00549102069325591,99.21739130434783,83.54072398190046,5.021044662171286e-07
433,0.00549102069325591,99.21739130434783,83.54072398190046,4.940060138736158e-07
434,0.00549102069325591,99.17391304347827,83.54072398190046,4.859075480143444e-07
435,0.00549102069325591,99.26086956521739,83.54072398190046,4.859075412564652e-07
436,0.00549102069325591,99.21739130434783,83.54072398190046,4.859075470489331e-07
437,0.00549102069325591,99.17391304347827,83.54072398190046,4.7375985646602237e-07
438,0.00549102069325591,99.17391304347827,83.54072398190046,4.737598603276677e-07
439,0.00549102069325591,98.34782608695652,83.48416289592761,5.652724414155184e-07
440,0.00549102069325591,99.1304347826087,83.48416289592761,4.575629266783025e-07
441,0.00549102069325591,99.17391304347827,83.48416289592761,4.575629334361817e-07
442,0.00549102069325591,99.26086956521739,83.48416289592761,4.4946447530020106e-07
443,0.00549102069325591,99.17391304347827,83.54072398190046,4.332675522703604e-07
444,0.00549102069325591,99.17391304347827,83.48416289592761,4.3731678375187904e-07
445,0.00549102069325591,99.17391304347827,83.48416289592761,4.292183207888417e-07
446,0.00549102069325591,99.26086956521739,83.48416289592761,4.211198636182723e-07
447,0.00549102069325591,99.34782608695652,83.48416289592761,4.1302140162064627e-07
448,0.00549102069325591,99.26086956521739,83.48416289592761,4.130214064477029e-07
449,0.00549102069325591,99.26086956521739,83.54072398190046,4.130214132055822e-07
450,0.00549102069325591,99.26086956521739,83.54072398190046,4.13021400655235e-07
451,0.00549102069325591,99.26086956521739,83.54072398190046,4.0087370814150164e-07
452,0.00549102069325591,99.30434782608695,83.54072398190046,3.9277525000552094e-07
453,0.00549102069325591,99.34782608695652,83.48416289592761,3.806275632842555e-07
454,0.00549102069325591,99.34782608695652,83.54072398190046,3.8872602238564757e-07
455,0.00549102069325591,99.34782608695652,83.54072398190046,3.7657833469897084e-07
456,0.00549102069325591,99.34782608695652,83.54072398190046,3.806275594226102e-07
457,0.00549102069325591,99.30434782608695,83.54072398190046,4.0411307247383193e-07
458,0.00549102069325591,99.47826086956522,83.48416289592761,3.644306460468828e-07
459,0.00549102069325591,99.3913043478261,83.48416289592761,3.401352648810614e-07
460,0.00549102069325591,99.3913043478261,83.48416289592761,3.6038141553077546e-07
461,0.00549102069325591,99.43478260869566,83.54072398190046,3.3608603436495405e-07
462,0.00549102069325591,99.43478260869566,83.54072398190046,3.32036804814258e-07
463,0.00549102069325591,99.43478260869566,83.54072398190046,4.0735246190685665e-07
464,0.00549102069325591,99.3913043478261,83.54072398190046,3.1583989433476456e-07
465,0.00549102069325591,99.43478260869566,83.54072398190046,3.158398904731193e-07
466,0.00549102069325591,99.47826086956522,83.54072398190046,3.0369220278644255e-07
467,0.00549102069325591,99.3913043478261,83.54072398190046,3.036921969939746e-07
468,0.00549102069325591,99.43478260869566,83.54072398190046,3.0369220278644255e-07
469,0.00549102069325591,99.3913043478261,83.54072398190046,2.9964296551245595e-07
470,0.00549102069325591,99.43478260869566,83.54072398190046,2.99642962616222e-07
471,0.00549102069325591,99.43478260869566,83.48416289592761,2.955937369271713e-07
472,0.00549102069325591,99.3913043478261,83.54072398190046,2.9154450834188655e-07
473,0.00549102069325591,99.43478260869566,83.48416289592761,2.793968177589759e-07
474,0.00549102069325591,99.43478260869566,83.48416289592761,2.8344605310213983e-07
475,0.00549102069325591,99.47826086956522,83.48416289592761,2.834460482750832e-07
476,0.00549102069325591,99.3913043478261,83.54072398190046,2.753475833812232e-07
477,0.00549102069325591,99.3913043478261,83.54072398190046,2.793968158281532e-07
478,0.00549102069325591,99.3913043478261,83.48416289592761,2.7129835672676117e-07
479,0.00549102069325591,99.3913043478261,83.54072398190046,2.591506700054958e-07
480,0.00549102069325591,99.43478260869566,83.48416289592761,2.5915066807467313e-07
481,0.00549102069325591,98.65217391304348,83.54072398190046,7.369597560222142e-07
482,0.00549102069325591,99.47826086956522,83.48416289592761,2.389045222520157e-07
483,0.00549102069325591,99.47826086956522,83.48416289592761,2.551014414202111e-07
484,0.00549102069325591,99.43478260869566,83.48416289592761,2.3485529173590838e-07
485,0.00549102069325591,99.47826086956522,83.48416289592761,2.3080606121980104e-07
486,0.00549102069325591,99.47826086956522,83.54072398190046,2.3080606411603502e-07
487,0.00549102069325591,99.47826086956522,83.54072398190046,2.308060660468577e-07
488,0.00549102069325591,99.43478260869566,83.54072398190046,2.22707602118409e-07
489,0.00549102069325591,99.3913043478261,83.54072398190046,2.2270760598005432e-07
490,0.00549102069325591,99.43478260869566,83.54072398190046,2.105599144317323e-07
491,0.00549102069325591,99.3913043478261,83.54072398190046,2.0651068584644758e-07
492,0.00549102069325591,99.47826086956522,83.48416289592761,2.1055991539714358e-07
493,0.00549102069325591,99.43478260869566,83.48416289592761,2.0246145629575157e-07
494,0.00549102069325591,99.52173913043478,83.54072398190046,1.943629962289482e-07
495,0.00549102069325591,99.56521739130434,83.54072398190046,4.729499603544943e-07
496,0.00549102069325591,99.43478260869566,83.54072398190046,1.9436299719435957e-07
497,0.00549102069325591,99.3913043478261,83.54072398190046,1.9436300009059354e-07
498,0.00549102069325591,99.3913043478261,83.48416289592761,1.9031376764366356e-07
499,0.00549102069325591,99.3913043478261,83.54072398190046,1.862645400237902e-07
500,0.00549102069325591,99.43478260869566,83.54072398190046,1.822153085422715e-07
501,0.00549102069325591,99.6086956521739,83.48416289592761,1.700676208555948e-07
502,0.00549102069325591,99.56521739130434,83.54072398190046,1.7006761989018346e-07
503,0.00549102069325591,99.56521739130434,83.48416289592761,1.7006761989018346e-07
504,0.00549102069325591,99.56521739130434,83.48416289592761,1.6601839323572143e-07
505,0.00549102069325591,99.65217391304348,83.42760180995475,1.6196916561584807e-07
506,0.00549102069325591,99.65217391304348,83.42760180995475,1.538707016873994e-07
507,0.00549102069325591,99.65217391304348,83.42760180995475,1.5387069975657675e-07
508,0.00549102069325591,99.65217391304348,83.42760180995475,1.5387070072198808e-07
509,0.00549102069325591,99.65217391304348,83.42760180995475,1.5387070265281072e-07
510,0.00549102069325591,99.65217391304348,83.42760180995475,1.538707016873994e-07
511,0.00549102069325591,99.65217391304348,83.42760180995475,1.538707016873994e-07
512,0.00549102069325591,99.69565217391305,83.42760180995475,1.498214759983487e-07
513,0.00549102069325591,99.65217391304348,83.42760180995475,1.4982147406752605e-07
514,0.00549102069325591,99.65217391304348,83.42760180995475,1.4577224451683002e-07
515,0.00549102069325591,99.65217391304348,83.42760180995475,1.4577224451683002e-07
516,0.00549102069325591,99.65217391304348,83.42760180995475,1.4577224451683002e-07
517,0.00549102069325591,99.69565217391305,83.42760180995475,1.4577224451683002e-07
518,0.00549102069325591,99.65217391304348,83.42760180995475,1.3767378638084932e-07
519,0.00549102069325591,99.69565217391305,83.42760180995475,1.3767378734626065e-07
520,0.00549102069325591,99.65217391304348,83.42760180995475,1.3767378638084932e-07
521,0.00549102069325591,99.69565217391305,83.42760180995475,1.3362455876097595e-07
522,0.00549102069325591,99.65217391304348,83.42760180995475,1.2957532727945728e-07
523,0.00549102069325591,99.65217391304348,83.42760180995475,1.2957532824486862e-07
524,0.00549102069325591,99.65217391304348,83.42760180995475,1.2147686914347658e-07
525,0.00549102069325591,99.65217391304348,83.42760180995475,1.1742764248901455e-07
526,0.00549102069325591,99.69565217391305,83.42760180995475,1.133784119729072e-07
527,0.00549102069325591,99.65217391304348,83.42760180995475,1.1337841486914119e-07
528,0.00549102069325591,99.65217391304348,83.42760180995475,1.2147687107429925e-07
529,0.00549102069325591,99.69565217391305,83.42760180995475,2.1703867398955531e-07
530,0.00549102069325591,99.65217391304348,83.3710407239819,1.0932918338762251e-07
531,0.00549102069325591,98.8695652173913,83.48416289592761,2.4052419283324494e-07
532,0.00549102069325591,99.65217391304348,83.31447963800905,1.0123072718246447e-07
533,0.00549102069325591,99.65217391304348,83.31447963800905,1.2147687107429925e-07
534,0.00549102069325591,99.65217391304348,83.31447963800905,1.1742764248901455e-07
535,0.00549102069325591,99.65217391304348,83.42760180995475,1.0932918435303383e-07
536,0.00549102069325591,99.65217391304348,83.42760180995475,9.71814957009458e-08
537,0.00549102069325591,99.65217391304348,83.42760180995475,8.908303659955377e-08
538,0.00549102069325591,99.69565217391305,83.42760180995475,9.718149666635713e-08
539,0.00549102069325591,99.65217391304348,83.42760180995475,9.718149666635713e-08
540,0.00549102069325591,99.65217391304348,83.3710407239819,8.908303756496509e-08
541,0.00549102069325591,99.65217391304348,83.31447963800905,9.313226808107243e-08
542,0.00549102069325591,99.65217391304348,83.3710407239819,8.503380897968041e-08
543,0.00549102069325591,99.69565217391305,83.31447963800905,8.503380897968041e-08
544,0.00549102069325591,99.65217391304348,83.31447963800905,1.0123072525164183e-07
545,0.00549102069325591,99.65217391304348,83.31447963800905,7.69353508436997e-08
546,0.00549102069325591,99.65217391304348,83.31447963800905,7.69353508436997e-08
547,0.00549102069325591,99.73913043478261,83.31447963800905,8.908303853037641e-08
548,0.00549102069325591,99.73913043478261,83.31447963800905,8.098457942898439e-08
549,0.00549102069325591,99.78260869565217,83.31447963800905,7.288612225841501e-08
550,0.00549102069325591,99.73913043478261,83.31447963800905,8.908303853037641e-08
551,0.00549102069325591,99.82608695652173,83.31447963800905,8.503380801426909e-08
552,0.00549102069325591,99.73913043478261,83.31447963800905,7.288612129300369e-08
553,0.00549102069325591,99.82608695652173,83.31447963800905,6.883689270771899e-08
554,0.00549102069325591,99.82608695652173,83.31447963800905,7.69353508436997e-08
555,0.00549102069325591,99.82608695652173,83.31447963800905,6.478766219161165e-08
556,0.00549102069325591,99.82608695652173,83.2579185520362,7.288612032759235e-08
557,0.00549102069325591,99.82608695652173,83.2579185520362,8.098457846357307e-08
558,0.00549102069325591,99.82608695652173,83.2579185520362,6.478766219161165e-08
559,0.00549102069325591,99.82608695652173,83.20135746606336,7.288612032759235e-08
560,0.00549102069325591,99.82608695652173,83.2579185520362,7.288612032759235e-08
561,0.00549102069325591,99.82608695652173,83.20135746606336,6.478766219161165e-08
562,0.00549102069325591,99.82608695652173,83.20135746606336,7.69353508436997e-08
563,0.00549102069325591,99.82608695652173,83.2579185520362,6.478766219161165e-08
564,0.00549102069325591,99.82608695652173,83.20135746606336,6.478766219161165e-08
565,0.00549102069325591,99.82608695652173,83.20135746606336,6.478766315702299e-08
566,0.00549102069325591,99.82608695652173,83.20135746606336,6.478766315702299e-08
567,0.00549102069325591,99.82608695652173,83.20135746606336,5.263997547034626e-08
568,0.00549102069325591,99.82608695652173,83.20135746606336,6.478766315702299e-08
569,0.00549102069325591,99.82608695652173,83.20135746606336,6.478766315702299e-08
570,0.00549102069325591,99.82608695652173,83.20135746606336,6.478766412243431e-08
571,0.00549102069325591,99.82608695652173,83.20135746606336,4.859074688506157e-08
572,0.00549102069325591,99.82608695652173,83.20135746606336,5.668920502104228e-08
573,0.00549102069325591,99.82608695652173,83.20135746606336,4.859074688506157e-08
574,0.00549102069325591,99.82608695652173,83.20135746606336,5.2639976435757594e-08
575,0.00549102069325591,99.82608695652173,83.20135746606336,5.2639976435757594e-08
576,0.00549102069325591,99.82608695652173,83.20135746606336,4.4541518299776886e-08
577,0.00549102069325591,99.91304347826087,83.20135746606336,4.859074688506157e-08
578,0.00549102069325591,99.82608695652173,83.20135746606336,6.073843457173829e-08
579,0.00549102069325591,99.82608695652173,83.20135746606336,4.4541518299776886e-08
580,0.00549102069325591,99.91304347826087,83.20135746606336,4.049228874908087e-08
581,0.00549102069325591,99.91304347826087,83.20135746606336,4.049228874908087e-08
582,0.00549102069325591,99.91304347826087,83.20135746606336,3.644306016379618e-08
583,0.00549102069325591,99.91304347826087,83.20135746606336,5.2639976435757594e-08
584,0.00549102069325591,99.91304347826087,83.20135746606336,3.644306016379618e-08
585,0.00549102069325591,99.91304347826087,83.20135746606336,3.644306016379618e-08
586,0.00549102069325591,99.91304347826087,83.20135746606336,4.4541518299776886e-08
587,0.00549102069325591,99.91304347826087,83.20135746606336,3.644306016379618e-08
588,0.00549102069325591,99.91304347826087,83.20135746606336,3.644306016379618e-08
589,0.00549102069325591,99.91304347826087,83.20135746606336,3.644306016379618e-08
590,0.00549102069325591,99.91304347826087,83.20135746606336,3.644306016379618e-08
591,0.00549102069325591,99.91304347826087,83.20135746606336,5.2639976435757594e-08
592,0.00549102069325591,99.91304347826087,83.20135746606336,2.834460202781548e-08
593,0.00549102069325591,99.91304347826087,83.20135746606336,4.4541518299776886e-08
594,0.00549102069325591,99.91304347826087,83.20135746606336,3.644306016379618e-08
595,0.00549102069325591,99.91304347826087,83.20135746606336,2.834460202781548e-08
596,0.00549102069325591,99.91304347826087,83.20135746606336,4.4541518299776886e-08
597,0.00549102069325591,99.91304347826087,83.20135746606336,2.834460202781548e-08
598,0.00549102069325591,99.91304347826087,83.20135746606336,4.4541518299776886e-08
599,0.00549102069325591,99.91304347826087,83.20135746606336,2.834460202781548e-08
0,0.00549102069325591,71.82608695652173,76.2443438914027,101.0
1,0.00549102069325591,72.52173913043478,76.2443438914027,47.40786409896353
2,0.00549102069325591,73.34782608695652,78.50678733031674,41.440655874169394
3,0.00549102069325591,73.30434782608695,82.97511312217195,37.978335048841394
4,0.00549102069325591,71.8695652173913,77.31900452488688,35.88126385989396
5,0.00549102069325591,72.47826086956522,83.3710407239819,32.215971013774045
6,0.00549102069325591,74.21739130434783,78.33710407239819,24.47914503838705
7,0.00549102069325591,72.56521739130434,73.13348416289593,30.16753844592882
8,0.00549102069325591,74.1304347826087,84.10633484162896,31.91709667444229
9,0.00549102069325591,74.04347826086956,83.42760180995475,25.565095181050506
10,0.00549102069325591,73.43478260869566,83.710407239819,21.869423240423203
11,0.00549102069325591,73.43478260869566,79.63800904977376,23.222764160322107
12,0.00549102069325591,73.34782608695652,83.82352941176471,23.186044524545256
13,0.00549102069325591,72.8695652173913,75.39592760180996,15.86448919513951
14,0.00549102069325591,72.91304347826087,84.21945701357465,17.353223199429717
15,0.00549102069325591,74.78260869565217,83.82352941176471,16.942817231883172
16,0.00549102069325591,73.08695652173913,83.5972850678733,14.741448507360792
17,0.00549102069325591,71.34782608695652,81.10859728506787,13.753382100359254
18,0.00549102069325591,73.6086956521739,84.21945701357465,17.43612904911456
19,0.00549102069325591,72.95652173913044,82.52262443438913,17.1453307180301
20,0.00549102069325591,72.47826086956522,83.31447963800905,12.913509231546652
21,0.00549102069325591,75.30434782608695,81.44796380090497,10.162994233162506
22,0.00549102069325591,75.47826086956522,83.08823529411765,11.554315843766192
23,0.00549102069325591,73.8695652173913,84.16289592760181,9.921593109712653
24,0.00549102069325591,73.73913043478261,82.23981900452489,7.51694219450102
25,0.00549102069325591,75.04347826086956,83.54072398190046,6.141500707472796
26,0.00549102069325591,75.0,82.97511312217195,6.884341824637808
27,0.00549102069325591,74.47826086956522,83.65384615384616,9.380236365225004
28,0.00549102069325591,73.95652173913044,82.01357466063348,9.065039820321228
29,0.00549102069325591,73.56521739130434,83.54072398190046,9.398409177589675
30,0.00549102069325591,74.0,84.44570135746606,5.138427828964979
31,0.00549102069325591,72.3913043478261,83.5972850678733,7.394672638696173
32,0.00549102069325591,74.08695652173913,83.76696832579185,7.356393632084213
33,0.00549102069325591,73.0,83.82352941176471,5.06052688654998
34,0.00549102069325591,75.1304347826087,80.42986425339367,8.900947949808577
35,0.00549102069325591,74.65217391304348,83.48416289592761,6.446580930572587
36,0.00549102069325591,74.34782608695652,83.48416289592761,5.155354983213803
37,0.00549102069325591,74.21739130434783,81.95701357466064,9.695055566566147
38,0.00549102069325591,72.65217391304348,83.76696832579185,7.404891644483028
39,0.00549102069325591,73.34782608695652,83.1447963800905,6.217527933135305
40,0.00549102069325591,75.04347826086956,83.76696832579185,5.404845139254695
41,0.00549102069325591,75.1304347826087,82.9185520361991,3.1932060100624096
42,0.00549102069325591,74.95652173913044,83.1447963800905,9.64095923219524
43,0.00549102069325591,73.73913043478261,81.56108597285068,12.598535191753637
44,0.00549102069325591,74.78260869565217,82.01357466063348,6.371957015084185
45,0.00549102069325591,74.52173913043478,79.97737556561087,7.91634514765895
46,0.00549102069325591,74.0,82.07013574660633,6.602657837388308
47,0.00549102069325591,75.21739130434783,80.31674208144797,2.6904856401455146
48,0.00549102069325591,75.82608695652173,83.48416289592761,5.600226916494253
49,0.00549102069325591,76.0,77.65837104072398,5.505858558108625
50,0.00549102069325591,75.65217391304348,83.42760180995475,20.70547459728044
51,0.00549102069325591,73.34782608695652,82.6923076923077,9.661561995744705
52,0.00549102069325591,75.08695652173913,79.41176470588235,9.567718307801481
53,0.00549102069325591,74.17391304347827,81.27828054298642,6.446753940342561
54,0.00549102069325591,75.6086956521739,84.72850678733032,5.732006394385319
55,0.00549102069325591,73.82608695652173,82.52262443438913,3.705082700268932
56,0.00549102069325591,75.6086956521739,82.23981900452489,2.7232017079570694
57,0.00549102069325591,74.69565217391305,82.52262443438913,1.5872095149698788
58,0.00549102069325591,76.52173913043478,81.50452488687783,2.2294871310765774
59,0.00549102069325591,75.8695652173913,83.08823529411765,3.811503887561191
60,0.00549102069325591,74.0,82.29638009049773,1.410307624610141
61,0.00549102069325591,77.34782608695652,83.20135746606336,1.2258531284295926
62,0.00549102069325591,76.8695652173913,82.86199095022624,0.997955993174717
63,0.00549102069325591,76.73913043478261,82.86199095022624,1.1308711979559714
64,0.00549102069325591,77.56521739130434,82.63574660633483,0.734123541801439
65,0.00549102069325591,76.8695652173913,82.80542986425338,0.6245111804238822
66,0.00549102069325591,77.82608695652173,82.9185520361991,0.19310092409242594
67,0.00549102069325591,79.21739130434783,82.86199095022624,0.05189528867049993
68,0.00549102069325591,80.82608695652173,82.97511312217195,0.535572629387784
69,0.00549102069325591,80.6086956521739,82.18325791855203,2.466917135667324
70,0.00549102069325591,77.47826086956522,82.35294117647058,1.192674466849143
71,0.00549102069325591,79.95652173913044,83.08823529411765,0.297418212858247
72,0.00549102069325591,77.8695652173913,82.57918552036199,0.3257255635834672
73,0.00549102069325591,79.73913043478261,82.40950226244344,0.0637073990931284
74,0.00549102069325591,81.78260869565217,82.6923076923077,0.0219939289308968
75,0.00549102069325591,82.08695652173913,82.6923076923077,0.014752496668813325
76,0.00549102069325591,83.0,82.63574660633483,0.011737170695161458
77,0.00549102069325591,82.6086956521739,82.57918552036199,0.009462478844136018
78,0.00549102069325591,84.95652173913044,82.63574660633483,0.00814809698469911
79,0.00549102069325591,85.47826086956522,82.52262443438913,0.007305538709893564
80,0.00549102069325591,84.34782608695652,82.52262443438913,0.005738259093969527
81,0.00549102069325591,85.17391304347827,82.57918552036199,0.0051350040680715565
82,0.00549102069325591,85.3913043478261,82.57918552036199,0.004552064819894558
83,0.00549102069325591,86.56521739130434,82.57918552036199,0.00414510159712138
84,0.00549102069325591,86.34782608695652,82.52262443438913,0.00379640824655286
85,0.00549102069325591,87.30434782608695,82.52262443438913,0.0034232367773296096
86,0.00549102069325591,86.65217391304348,82.46606334841628,0.003455121127345869
87,0.00549102069325591,87.6086956521739,82.46606334841628,0.0030215691459073673
88,0.00549102069325591,87.17391304347827,82.40950226244344,0.0027146949180504357
89,0.00549102069325591,88.21739130434783,82.40950226244344,0.0025453063867446517
90,0.00549102069325591,88.17391304347827,82.35294117647058,0.0023555810189612243
91,0.00549102069325591,88.6086956521739,82.40950226244344,0.002134522904508112
92,0.00549102069325591,88.1304347826087,82.40950226244344,0.0021858616081693112
93,0.00549102069325591,89.17391304347827,82.40950226244344,0.0017869741823084912
94,0.00549102069325591,88.26086956521739,82.35294117647058,0.0015850601266226042
95,0.00549102069325591,90.95652173913044,82.29638009049773,0.000974184406681675
96,0.00549102069325591,92.30434782608695,82.35294117647058,0.0005687340044015281
97,0.00549102069325591,93.30434782608695,82.29638009049773,0.0004102016850869523
98,0.00549102069325591,93.26086956521739,82.63574660633483,0.00032106534293805197
99,0.00549102069325591,94.52173913043478,82.63574660633483,0.0002646779930221723
100,0.00549102069325591,93.82608695652173,82.6923076923077,0.0002473492403903097
101,0.00549102069325591,95.56521739130434,82.6923076923077,0.00023116631709903547
102,0.00549102069325591,95.56521739130434,82.63574660633483,0.00023199981039660454
103,0.00549102069325591,95.82608695652173,82.74886877828054,0.00021665205322516656
104,0.00549102069325591,95.82608695652173,82.6923076923077,0.00020364333275911468
105,0.00549102069325591,95.91304347826087,82.6923076923077,0.00020109737038485838
106,0.00549102069325591,95.17391304347827,82.63574660633483,0.0002044717025376834
107,0.00549102069325591,95.30434782608695,82.6923076923077,0.00020293949219453978
108,0.00549102069325591,96.17391304347827,82.6923076923077,0.00018582986884551212
109,0.00549102069325591,96.0,82.6923076923077,0.00018124163941240815
110,0.00549102069325591,96.0,82.6923076923077,0.00017412242394984986
111,0.00549102069325591,96.04347826086956,82.63574660633483,0.0001743841051772615
112,0.00549102069325591,96.34782608695652,82.6923076923077,0.00017010704883048945
113,0.00549102069325591,96.47826086956522,82.6923076923077,0.00016825300970053732
114,0.00549102069325591,96.56521739130434,82.6923076923077,0.00016686278966579363
115,0.00549102069325591,96.43478260869566,82.63574660633483,0.00016686047063869765
116,0.00549102069325591,96.3913043478261,82.63574660633483,0.00015729421778216775
117,0.00549102069325591,96.69565217391305,82.6923076923077,0.0001586308905835974
118,0.00549102069325591,96.69565217391305,82.63574660633483,0.00015053922409698518
119,0.00549102069325591,96.65217391304348,82.57918552036199,0.00014688233880192408
120,0.00549102069325591,96.69565217391305,82.57918552036199,0.00014755421815794
121,0.00549102069325591,96.65217391304348,82.57918552036199,0.0001473768652507006
122,0.00549102069325591,96.56521739130434,82.63574660633483,0.00013958779766075287
123,0.00549102069325591,96.65217391304348,82.63574660633483,0.0001442569850868233
124,0.00549102069325591,96.69565217391305,82.57918552036199,0.0001352979253125806
125,0.00549102069325591,96.78260869565217,82.63574660633483,0.00013598729919519684
126,0.00549102069325591,95.91304347826087,82.57918552036199,0.00013690872475134185
127,0.00549102069325591,96.82608695652173,82.57918552036199,0.00013021470644935602
128,0.00549102069325591,95.8695652173913,82.57918552036199,0.0001260322219929994
129,0.00549102069325591,96.82608695652173,82.57918552036199,0.00012624121140524875
130,0.00549102069325591,96.8695652173913,82.6923076923077,0.00012658904255270835
131,0.00549102069325591,96.73913043478261,82.57918552036199,0.00012660201345725204
132,0.00549102069325591,97.0,82.57918552036199,0.00011826466060566756
133,0.00549102069325591,97.0,82.57918552036199,0.00011726819620481939
134,0.00549102069325591,97.1304347826087,82.63574660633483,0.00011706548858794379
135,0.00549102069325591,97.6086956521739,82.57918552036199,9.05549181186354e-05
136,0.00549102069325591,97.8695652173913,82.57918552036199,7.900360592394406e-05
137,0.00549102069325591,98.47826086956522,82.86199095022624,6.592136422724275e-05
138,0.00549102069325591,98.56521739130434,82.80542986425338,5.318651757274287e-05
139,0.00549102069325591,98.52173913043478,82.74886877828054,4.628295939931256e-05
140,0.00549102069325591,98.65217391304348,82.74886877828054,4.105063450711493e-05
141,0.00549102069325591,98.78260869565217,82.80542986425338,3.6425789630000835e-05
142,0.00549102069325591,98.69565217391305,82.80542986425338,3.280532854351655e-05
143,0.00549102069325591,98.78260869565217,82.80542986425338,2.901471533372333e-05
144,0.00549102069325591,98.8695652173913,82.80542986425338,2.6771174393256185e-05
145,0.00549102069325591,99.04347826086956,82.86199095022624,2.453411121507697e-05
146,0.00549102069325591,99.04347826086956,82.86199095022624,2.5027223616230536e-05
147,0.00549102069325591,99.21739130434783,82.80542986425338,2.0720980898264223e-05
148,0.00549102069325591,99.30434782608695,82.74886877828054,1.9360313961653443e-05
149,0.00549102069325591,99.3913043478261,82.86199095022624,1.8315543917262104e-05
150,0.00549102069325591,99.47826086956522,82.74886877828054,1.6873869642615748e-05
151,0.00549102069325591,99.52173913043478,82.80542986425338,1.5987024885564537e-05
152,0.00549102069325591,99.52173913043478,82.74886877828054,1.4986793278845436e-05
153,0.00549102069325591,99.56521739130434,82.6923076923077,1.4152588017455143e-05
154,0.00549102069325591,99.47826086956522,82.74886877828054,1.3545149496715805e-05
155,0.00549102069325591,99.47826086956522,82.6923076923077,1.3022775522687347e-05
156,0.00549102069325591,99.47826086956522,82.6923076923077,1.2087339530252944e-05
157,0.00549102069325591,99.52173913043478,82.6923076923077,1.1585209880315972e-05
158,0.00549102069325591,99.56521739130434,82.6923076923077,1.0953493639645604e-05
159,0.00549102069325591,99.52173913043478,82.57918552036199,1.0451357935614208e-05
160,0.00549102069325591,99.52173913043478,82.6923076923077,9.965427867449868e-06
161,0.00549102069325591,99.47826086956522,82.6923076923077,9.471394997763992e-06
162,0.00549102069325591,99.56521739130434,82.6923076923077,9.086699656481239e-06
163,0.00549102069325591,99.56521739130434,82.6923076923077,8.726298235696971e-06
164,0.00549102069325591,99.56521739130434,82.63574660633483,8.361851076289362e-06
165,0.00549102069325591,99.56521739130434,82.57918552036199,8.033851519305834e-06
166,0.00549102069325591,99.56521739130434,82.63574660633483,7.7017995778074e-06
167,0.00549102069325591,99.6086956521739,82.57918552036199,7.426439454698467e-06
168,0.00549102069325591,99.6086956521739,82.63574660633483,7.0943900126499555e-06
169,0.00549102069325591,99.6086956521739,82.57918552036199,6.891919653330956e-06
170,0.00549102069325591,99.56521739130434,82.63574660633483,6.612512995134337e-06
171,0.00549102069325591,99.56521739130434,82.63574660633483,6.3735995466892046e-06
172,0.00549102069325591,99.56521739130434,82.63574660633483,6.203525706653848e-06
173,0.00549102069325591,99.65217391304348,82.63574660633483,5.928170008990432e-06
174,0.00549102069325591,99.65217391304348,82.63574660633483,5.749997695372515e-06
175,0.00549102069325591,99.65217391304348,82.63574660633483,5.551578719436881e-06
176,0.00549102069325591,99.65217391304348,82.63574660633483,5.365309405454085e-06
177,0.00549102069325591,99.65217391304348,82.63574660633483,5.195236316508741e-06
178,0.00549102069325591,99.69565217391305,82.63574660633483,5.169317590406185e-06
179,0.00549102069325591,99.69565217391305,82.63574660633483,4.8915345735275775e-06
180,0.00549102069325591,99.69565217391305,82.63574660633483,4.745758700994985e-06
181,0.00549102069325591,99.65217391304348,82.63574660633483,4.575687163465641e-06
182,0.00549102069325591,99.65217391304348,82.63574660633483,4.429911127778535e-06
183,0.00549102069325591,99.65217391304348,82.63574660633483,4.316530442261956e-06
184,0.00549102069325591,99.69565217391305,82.63574660633483,4.166705055382327e-06
185,0.00549102069325591,99.65217391304348,82.63574660633483,4.093817610510396e-06
186,0.00549102069325591,99.65217391304348,82.63574660633483,3.948041735081569e-06
187,0.00549102069325591,99.73913043478261,82.63574660633483,3.8387104393739655e-06
188,0.00549102069325591,99.8695652173913,82.63574660633483,3.7415261536342883e-06
189,0.00549102069325591,99.73913043478261,82.63574660633483,3.636244274767179e-06
190,0.00549102069325591,99.65217391304348,82.57918552036199,3.5917011645041255e-06
191,0.00549102069325591,99.65217391304348,82.57918552036199,3.466173239251725e-06
192,0.00549102069325591,99.65217391304348,82.57918552036199,3.4766991382447232e-06
193,0.00549102069325591,99.73913043478261,82.57918552036199,3.5827876424097895e-06
194,0.00549102069325591,99.82608695652173,82.63574660633483,3.186770847207754e-06
195,0.00549102069325591,99.82608695652173,82.63574660633483,3.1017358826307162e-06
196,0.00549102069325591,99.82608695652173,82.63574660633483,3.028848458997834e-06
197,0.00549102069325591,99.82608695652173,82.63574660633483,2.9478624343480955e-06
198,0.00549102069325591,99.82608695652173,82.63574660633483,2.8992710155367507e-06
199,0.00549102069325591,99.82608695652173,82.63574660633483,2.8142355653578166e-06
200,0.00549102069325591,99.82608695652173,82.63574660633483,2.8409594261632427e-06
201,0.00549102069325591,99.82608695652173,82.63574660633483,2.6684613127854293e-06
202,0.00549102069325591,99.82608695652173,82.63574660633483,2.8150424011154422e-06
203,0.00549102069325591,99.82608695652173,82.63574660633483,2.5591302062984456e-06
204,0.00549102069325591,99.82608695652173,82.63574660633483,2.5024403129391284e-06
205,0.00549102069325591,99.91304347826087,82.63574660633483,2.441700883028313e-06
206,0.00549102069325591,99.91304347826087,82.63574660633483,2.3728633068093754e-06
207,0.00549102069325591,99.91304347826087,82.63574660633483,2.3080748442917747e-06
208,0.00549102069325591,99.91304347826087,82.63574660633483,2.247335788960554e-06
209,0.00549102069325591,99.91304347826087,82.63574660633483,2.1663505395361096e-06
210,0.00549102069325591,99.91304347826087,82.63574660633483,2.1420546505639306e-06
211,0.00549102069325591,99.91304347826087,82.63574660633483,2.0853648141638814e-06
212,0.00549102069325591,99.91304347826087,82.63574660633483,2.0529705838704926e-06
213,0.00549102069325591,99.91304347826087,82.63574660633483,2.000329922958105e-06
214,0.00549102069325591,99.91304347826087,82.63574660633483,1.9800835270939143e-06
215,0.00549102069325591,99.91304347826087,82.63574660633483,1.935541442097689e-06
216,0.00549102069325591,99.91304347826087,82.63574660633483,1.8990979243289245e-06
217,0.00549102069325591,99.91304347826087,82.63574660633483,1.8788516028014057e-06
218,0.00549102069325591,99.91304347826087,82.63574660633483,1.8221617654359452e-06
219,0.00549102069325591,99.91304347826087,82.63574660633483,1.797866029964167e-06
220,0.00549102069325591,99.91304347826087,82.63574660633483,1.753324279965672e-06
221,0.00549102069325591,99.91304347826087,82.63574660633483,1.696634547830046e-06
222,0.00549102069325591,99.91304347826087,82.63574660633483,1.6763881954093645e-06
223,0.00549102069325591,99.91304347826087,82.63574660633483,1.6399447432885703e-06
224,0.00549102069325591,99.91304347826087,82.63574660633483,3.045028052894377e-06
225,0.00549102069325591,99.91304347826087,82.63574660633483,1.5387132785318531e-06
226,0.00549102069325591,99.91304347826087,82.63574660633483,1.5184668286046279e-06
227,0.00549102069325591,99.91304347826087,82.63574660633483,1.477974347738693e-06
228,0.00549102069325591,99.91304347826087,82.63574660633483,1.4496294290559628e-06
229,0.00549102069325591,99.91304347826087,82.63574660633483,1.429383130698316e-06
230,0.00549102069325591,99.91304347826087,82.63574660633483,1.4010383172454202e-06
231,0.00549102069325591,99.91304347826087,82.63574660633483,1.368644255899013e-06
232,0.00549102069325591,99.91304347826087,82.63574660633483,1.3645949867664529e-06
233,0.00549102069325591,99.91304347826087,82.63574660633483,1.3281515684350547e-06
234,0.00549102069325591,99.91304347826087,82.63574660633483,1.2998067829790874e-06
235,0.00549102069325591,99.91304347826087,82.63574660633483,1.2714620023501766e-06
236,0.00549102069325591,99.91304347826087,82.63574660633483,1.2633634901511617e-06
237,0.00549102069325591,99.91304347826087,82.6923076923077,1.2309694094965282e-06
238,0.00549102069325591,99.91304347826087,82.6923076923077,1.218821590513911e-06
239,0.00549102069325591,99.91304347826087,82.6923076923077,1.182378382642182e-06
240,0.00549102069325591,99.91304347826087,82.6923076923077,1.166181295492416e-06
241,0.00549102069325591,99.91304347826087,82.6923076923077,1.1621320427718482e-06
242,0.00549102069325591,99.91304347826087,82.63574660633483,1.1418857173826842e-06
243,0.00549102069325591,99.91304347826087,82.63574660633483,1.1256886852613637e-06
244,0.00549102069325591,99.91304347826087,82.63574660633483,1.1013932374821609e-06
245,0.00549102069325591,99.91304347826087,82.63574660633483,1.0770977346745123e-06
246,0.00549102069325591,99.91304347826087,82.6923076923077,1.064949970720341e-06
247,0.00549102069325591,99.91304347826087,82.6923076923077,1.0285067107164003e-06
248,0.00549102069325591,99.91304347826087,82.6923076923077,1.016358989240327e-06
249,0.00549102069325591,99.91304347826087,82.6923076923077,9.961127015022049e-07
250,0.00549102069325591,99.91304347826087,82.6923076923077,9.718172585500586e-07
251,0.00549102069325591,99.91304347826087,82.6923076923077,9.515710316328498e-07
252,0.00549102069325591,99.91304347826087,82.6923076923077,9.313247545142521e-07
253,0.00549102069325591,99.91304347826087,82.6923076923077,9.313247545142521e-07
254,0.00549102069325591,99.91304347826087,82.6923076923077,9.151277175658749e-07
255,0.00549102069325591,99.91304347826087,82.6923076923077,8.948815138185381e-07
256,0.00549102069325591,99.91304347826087,82.6923076923077,8.867829929308211e-07
257,0.00549102069325591,99.91304347826087,82.6923076923077,8.584382991889297e-07
258,0.00549102069325591,99.91304347826087,82.6923076923077,8.422413607125078e-07
259,0.00549102069325591,99.91304347826087,82.6923076923077,8.17945912933305e-07
260,0.00549102069325591,99.91304347826087,82.57918552036199,8.098474016997013e-07
261,0.00549102069325591,99.91304347826087,82.57918552036199,8.017488817773958e-07
262,0.00549102069325591,99.91304347826087,82.63574660633483,7.936503927482526e-07
263,0.00549102069325591,99.91304347826087,82.6923076923077,7.815026461714849e-07
264,0.00549102069325591,99.91304347826087,82.6923076923077,7.572072022539276e-07
265,0.00549102069325591,99.91304347826087,82.6923076923077,7.410102599158602e-07
266,0.00549102069325591,99.91304347826087,82.6923076923077,7.288624940308661e-07
267,0.00549102069325591,99.91304347826087,82.6923076923077,7.207640117596023e-07
268,0.00549102069325591,99.91304347826087,82.6923076923077,7.086162593903668e-07
269,0.00549102069325591,99.91304347826087,82.6923076923077,7.086162651828347e-07
270,0.00549102069325591,99.91304347826087,82.6923076923077,7.00517771326635e-07
271,0.00549102069325591,99.91304347826087,82.6923076923077,6.843207845796467e-07
272,0.00549102069325591,99.91304347826087,82.6923076923077,8.47099748800479e-07
273,0.00549102069325591,99.91304347826087,82.6923076923077,6.397791581538014e-07
274,0.00549102069325591,99.91304347826087,82.6923076923077,6.235822119540889e-07
275,0.00549102069325591,99.91304347826087,82.6923076923077,6.195329804725702e-07
276,0.00549102069325591,99.91304347826087,82.57918552036199,6.114344837201364e-07
277,0.00549102069325591,99.91304347826087,82.57918552036199,6.073852020372289e-07
278,0.00549102069325591,99.91304347826087,82.57918552036199,6.073852058988742e-07
279,0.00549102069325591,99.91304347826087,82.57918552036199,6.907992883034685e-07
280,0.00549102069325591,99.91304347826087,82.57918552036199,5.79040530499798e-07
281,0.00549102069325591,99.91304347826087,82.57918552036199,5.709420443668888e-07
282,0.00549102069325591,99.91304347826087,82.57918552036199,5.668928148161928e-07
283,0.00549102069325591,99.91304347826087,82.6923076923077,5.587942977901211e-07
284,0.00549102069325591,99.91304347826087,82.6923076923077,5.506958097263894e-07
285,0.00549102069325591,99.91304347826087,82.6923076923077,5.425973477287633e-07
286,0.00549102069325591,99.91304347826087,82.63574660633483,5.385481143164221e-07
287,0.00549102069325591,99.91304347826087,82.6923076923077,5.223511227423773e-07
288,0.00549102069325591,99.91304347826087,82.6923076923077,5.142526800529778e-07
289,0.00549102069325591,99.91304347826087,82.6923076923077,5.061542103320611e-07
290,0.00549102069325591,99.91304347826087,82.6923076923077,4.9805571551045e-07
291,0.00549102069325591,99.91304347826087,82.6923076923077,4.859079988614335e-07
292,0.00549102069325591,99.91304347826087,82.6923076923077,4.697110806586495e-07
293,0.00549102069325591,99.91304347826087,82.57918552036199,4.616125935603291e-07
294,0.00549102069325591,99.91304347826087,82.57918552036199,4.6161258487162715e-07
295,0.00549102069325591,99.91304347826087,82.57918552036199,4.535141054965972e-07
296,0.00549102069325591,99.91304347826087,82.57918552036199,4.4541564542979384e-07
297,0.00549102069325591,99.91304347826087,82.57918552036199,4.3731715736606213e-07
298,0.00549102069325591,99.91304347826087,82.57918552036199,4.2921869536843604e-07
299,0.00549102069325591,99.91304347826087,82.57918552036199,4.170709970622348e-07
300,0.00549102069325591,99.91304347826087,82.57918552036199,4.089725331337861e-07
301,0.00549102069325591,99.91304347826087,82.57918552036199,4.0087404603546567e-07
302,0.00549102069325591,99.91304347826087,82.57918552036199,4.0087404410464295e-07
303,0.00549102069325591,99.91304347826087,82.57918552036199,4.00874041208409e-07
304,0.00549102069325591,99.91304347826087,82.57918552036199,3.927755570063225e-07
305,0.00549102069325591,99.91304347826087,82.57918552036199,3.887263226285699e-07
306,0.00549102069325591,99.91304347826087,82.63574660633483,3.725293938062612e-07
307,0.00549102069325591,99.91304347826087,82.63574660633483,3.644309356702805e-07
308,0.00549102069325591,99.91304347826087,82.57918552036199,3.6443093277404653e-07
309,0.00549102069325591,99.91304347826087,82.57918552036199,3.5633243988325813e-07
310,0.00549102069325591,99.91304347826087,82.57918552036199,3.4823398271268874e-07
311,0.00549102069325591,99.91304347826087,82.57918552036199,3.482339817472774e-07
312,0.00549102069325591,99.91304347826087,82.57918552036199,3.401355091301268e-07
313,0.00549102069325591,99.91304347826087,82.57918552036199,3.360862728215515e-07
314,0.00549102069325591,99.91304347826087,82.57918552036199,3.360862795794308e-07
315,0.00549102069325591,99.91304347826087,82.57918552036199,3.279877934465217e-07
316,0.00549102069325591,99.91304347826087,82.57918552036199,3.2798779151569896e-07
317,0.00549102069325591,99.91304347826087,82.57918552036199,3.1988931986395974e-07
318,0.00549102069325591,99.91304347826087,82.63574660633483,3.198893188985484e-07
319,0.00549102069325591,99.91304347826087,82.63574660633483,3.198893188985484e-07
320,0.00549102069325591,99.91304347826087,82.57918552036199,3.117908453159865e-07
321,0.00549102069325591,99.91304347826087,82.57918552036199,3.036923871800058e-07
322,0.00549102069325591,99.91304347826087,82.57918552036199,3.036923871800058e-07
323,0.00549102069325591,99.91304347826087,82.57918552036199,2.915446898392158e-07
324,0.00549102069325591,99.91304347826087,82.57918552036199,2.8344620370630663e-07
325,0.00549102069325591,99.91304347826087,82.57918552036199,2.83446204671718e-07
326,0.00549102069325591,99.91304347826087,82.57918552036199,2.8344619887925e-07
327,0.00549102069325591,99.91304347826087,82.57918552036199,2.7534773398539003e-07
328,0.00549102069325591,99.91304347826087,82.57918552036199,2.753477330199787e-07
329,0.00549102069325591,99.91304347826087,82.63574660633483,2.7534773108915606e-07
330,0.00549102069325591,99.91304347826087,82.6923076923077,2.753477291583334e-07
331,0.00549102069325591,99.91304347826087,82.57918552036199,2.672492546103602e-07
332,0.00549102069325591,99.91304347826087,82.57918552036199,2.672492584720055e-07
333,0.00549102069325591,99.91304347826087,82.57918552036199,2.672492584720055e-07
334,0.00549102069325591,99.91304347826087,82.57918552036199,2.551015572695702e-07
335,0.00549102069325591,99.91304347826087,82.57918552036199,2.551015649928608e-07
336,0.00549102069325591,99.91304347826087,82.57918552036199,2.551015649928608e-07
337,0.00549102069325591,99.91304347826087,82.63574660633483,2.470030991335895e-07
338,0.00549102069325591,99.91304347826087,82.63574660633483,2.3080616741504686e-07
339,0.00549102069325591,99.91304347826087,82.6923076923077,2.3080616644963553e-07
340,0.00549102069325591,99.91304347826087,82.6923076923077,2.3080616355340158e-07
341,0.00549102069325591,99.91304347826087,82.6923076923077,2.3080616548422422e-07
342,0.00549102069325591,99.91304347826087,82.6923076923077,2.3080616548422422e-07
343,0.00549102069325591,99.91304347826087,82.57918552036199,2.3080616548422422e-07
344,0.00549102069325591,99.91304347826087,82.57918552036199,2.2270769286707365e-07
345,0.00549102069325591,99.91304347826087,82.57918552036199,2.2270769286707365e-07
346,0.00549102069325591,99.91304347826087,82.57918552036199,2.2270769286707365e-07
347,0.00549102069325591,99.91304347826087,82.63574660633483,2.1460923376568158e-07
348,0.00549102069325591,99.91304347826087,82.63574660633483,2.0246153932112562e-07
349,0.00549102069325591,99.91304347826087,82.6923076923077,2.0246153835571426e-07
350,0.00549102069325591,99.91304347826087,82.6923076923077,2.0246153932112562e-07
351,0.00549102069325591,99.91304347826087,82.6923076923077,2.0246153932112562e-07
352,0.00549102069325591,99.91304347826087,82.6923076923077,2.0246154125194826e-07
353,0.00549102069325591,99.91304347826087,82.63574660633483,1.9436306670397502e-07
354,0.00549102069325591,99.91304347826087,82.63574660633483,1.8626460277552634e-07
355,0.00549102069325591,99.91304347826087,82.63574660633483,1.781661436741343e-07
356,0.00549102069325591,99.91304347826087,82.63574660633483,1.781661436741343e-07
357,0.00549102069325591,99.91304347826087,82.63574660633483,1.781661436741343e-07
358,0.00549102069325591,99.91304347826087,82.6923076923077,1.7816614463954564e-07
359,0.00549102069325591,99.91304347826087,82.6923076923077,1.7006767878027434e-07
360,0.00549102069325591,99.91304347826087,82.6923076923077,1.7006767878027434e-07
361,0.00549102069325591,99.91304347826087,82.6923076923077,2.656294816955304e-07
362,0.00549102069325591,99.91304347826087,82.6923076923077,1.70067677814863e-07
363,0.00549102069325591,99.91304347826087,82.6923076923077,1.6601844922957831e-07
364,0.00549102069325591,99.91304347826087,82.63574660633483,1.7006767878027434e-07
365,0.00549102069325591,99.91304347826087,82.63574660633483,1.6196920616312374e-07
366,0.00549102069325591,99.91304347826087,82.63574660633483,1.579199766124277e-07
367,0.00549102069325591,99.91304347826087,82.63574660633483,1.579199766124277e-07
368,0.00549102069325591,99.91304347826087,82.6923076923077,1.5791997468160507e-07
369,0.00549102069325591,99.91304347826087,82.6923076923077,1.579199766124277e-07
370,0.00549102069325591,99.91304347826087,82.6923076923077,1.579199766124277e-07
371,0.00549102069325591,99.91304347826087,82.6923076923077,1.4982151075315642e-07
372,0.00549102069325591,99.91304347826087,82.6923076923077,1.4982151075315642e-07
373,0.00549102069325591,99.91304347826087,82.6923076923077,1.4982151171856775e-07
374,0.00549102069325591,99.91304347826087,82.63574660633483,1.4172305068635305e-07
375,0.00549102069325591,99.91304347826087,82.63574660633483,1.4172305068635305e-07
376,0.00549102069325591,99.91304347826087,82.63574660633483,1.4172305165176438e-07
377,0.00549102069325591,99.91304347826087,82.63574660633483,1.4172305068635305e-07
378,0.00549102069325591,99.91304347826087,82.63574660633483,1.4172305068635305e-07
379,0.00549102069325591,99.91304347826087,82.6923076923077,1.336245857924931e-07
380,0.00549102069325591,99.91304347826087,82.6923076923077,1.336245857924931e-07
381,0.00549102069325591,99.91304347826087,82.6923076923077,1.3362458482708175e-07
382,0.00549102069325591,99.91304347826087,82.6923076923077,1.336245857924931e-07
383,0.00549102069325591,99.91304347826087,82.6923076923077,1.336245857924931e-07
384,0.00549102069325591,99.91304347826087,82.6923076923077,1.336245857924931e-07
385,0.00549102069325591,99.91304347826087,82.63574660633483,1.336245857924931e-07
386,0.00549102069325591,99.91304347826087,82.63574660633483,1.3362458482708175e-07
387,0.00549102069325591,99.91304347826087,82.6923076923077,1.255261208986331e-07
388,0.00549102069325591,99.91304347826087,82.6923076923077,1.255261208986331e-07
389,0.00549102069325591,99.91304347826087,82.6923076923077,1.255261208986331e-07
390,0.00549102069325591,99.91304347826087,82.6923076923077,1.2147689134793707e-07
391,0.00549102069325591,99.91304347826087,82.6923076923077,1.2147689134793707e-07
392,0.00549102069325591,99.91304347826087,82.6923076923077,1.2147689134793707e-07
393,0.00549102069325591,99.91304347826087,82.6923076923077,1.214768923133484e-07
394,0.00549102069325591,99.91304347826087,82.63574660633483,1.214768923133484e-07
395,0.00549102069325591,99.91304347826087,82.63574660633483,1.214768923133484e-07
396,0.00549102069325591,99.91304347826087,82.6923076923077,1.214768923133484e-07
397,0.00549102069325591,99.91304347826087,82.6923076923077,1.214768923133484e-07
398,0.00549102069325591,99.91304347826087,82.6923076923077,1.0527996928350772e-07
399,0.00549102069325591,99.91304347826087,82.6923076923077,1.0527997024891904e-07
400,0.00549102069325591,99.91304347826087,82.6923076923077,9.718151211293835e-08
401,0.00549102069325591,99.91304347826087,82.6923076923077,9.718151114752702e-08
402,0.00549102069325591,99.91304347826087,82.6923076923077,9.718151211293835e-08
403,0.00549102069325591,99.91304347826087,82.6923076923077,9.718151211293835e-08
404,0.00549102069325591,99.91304347826087,82.6923076923077,9.718151211293835e-08
405,0.00549102069325591,99.91304347826087,82.6923076923077,9.718151211293835e-08
406,0.00549102069325591,99.91304347826087,82.6923076923077,9.718151114752702e-08
407,0.00549102069325591,99.91304347826087,82.6923076923077,9.718151211293835e-08
408,0.00549102069325591,99.91304347826087,82.6923076923077,9.718151211293835e-08
409,0.00549102069325591,99.91304347826087,82.6923076923077,9.718151211293835e-08
410,0.00549102069325591,99.91304347826087,82.6923076923077,8.908304721907835e-08
411,0.00549102069325591,99.91304347826087,82.6923076923077,8.908304721907835e-08
412,0.00549102069325591,99.91304347826087,82.6923076923077,8.908304721907835e-08
413,0.00549102069325591,99.91304347826087,82.6923076923077,8.908304625366702e-08
414,0.00549102069325591,99.91304347826087,82.6923076923077,8.908304721907835e-08
415,0.00549102069325591,99.91304347826087,82.6923076923077,8.908304721907835e-08
416,0.00549102069325591,99.91304347826087,82.6923076923077,8.908304625366702e-08
417,0.00549102069325591,99.91304347826087,82.6923076923077,8.908304721907835e-08
418,0.00549102069325591,99.91304347826087,82.6923076923077,8.908304721907835e-08
419,0.00549102069325591,99.91304347826087,82.6923076923077,8.908304721907835e-08
420,0.00549102069325591,99.91304347826087,82.6923076923077,8.908304625366702e-08
421,0.00549102069325591,99.91304347826087,82.6923076923077,8.908304721907835e-08
422,0.00549102069325591,99.91304347826087,82.6923076923077,8.908304721907835e-08
423,0.00549102069325591,99.91304347826087,82.6923076923077,8.908304721907835e-08
424,0.00549102069325591,99.91304347826087,82.63574660633483,8.908304721907835e-08
425,0.00549102069325591,99.91304347826087,82.63574660633483,8.098458522145234e-08
426,0.00549102069325591,99.91304347826087,82.63574660633483,8.098458618686367e-08
427,0.00549102069325591,99.91304347826087,82.63574660633483,8.098458618686367e-08
428,0.00549102069325591,99.91304347826087,82.63574660633483,7.288612708547164e-08
429,0.00549102069325591,99.1304347826087,82.6923076923077,1.6034947186474702e-07
430,0.00549102069325591,100.0,82.63574660633483,6.883689753477563e-08
431,0.00549102069325591,100.0,82.63574660633483,6.073843939879492e-08
432,0.00549102069325591,100.0,82.63574660633483,6.073843939879492e-08
433,0.00549102069325591,100.0,82.63574660633483,6.073843939879492e-08
434,0.00549102069325591,100.0,82.63574660633483,6.073843939879492e-08
435,0.00549102069325591,100.0,82.63574660633483,6.073844036420625e-08
436,0.00549102069325591,100.0,82.63574660633483,6.073843939879492e-08
437,0.00549102069325591,100.0,82.63574660633483,6.073843939879492e-08
438,0.00549102069325591,100.0,82.63574660633483,6.073843939879492e-08
439,0.00549102069325591,100.0,82.63574660633483,6.073843939879492e-08
440,0.00549102069325591,100.0,82.63574660633483,5.263998126281422e-08
441,0.00549102069325591,100.0,82.63574660633483,5.263998126281422e-08
442,0.00549102069325591,100.0,82.63574660633483,5.263998126281422e-08
443,0.00549102069325591,100.0,82.63574660633483,5.263998126281422e-08
444,0.00549102069325591,100.0,82.63574660633483,5.263998126281422e-08
445,0.00549102069325591,100.0,82.63574660633483,5.263998126281422e-08
446,0.00549102069325591,100.0,82.63574660633483,4.4541520230599534e-08
447,0.00549102069325591,100.0,82.63574660633483,4.4541520230599534e-08
448,0.00549102069325591,100.0,82.63574660633483,4.4541520230599534e-08
449,0.00549102069325591,100.0,82.63574660633483,4.4541520230599534e-08
450,0.00549102069325591,100.0,82.63574660633483,4.4541520230599534e-08
451,0.00549102069325591,100.0,82.63574660633483,4.4541520230599534e-08
452,0.00549102069325591,100.0,82.63574660633483,2.3566512606111167e-07
453,0.00549102069325591,100.0,82.63574660633483,4.4541520230599534e-08
454,0.00549102069325591,100.0,82.63574660633483,4.4541520230599534e-08
455,0.00549102069325591,100.0,82.63574660633483,4.4541520230599534e-08
456,0.00549102069325591,100.0,82.63574660633483,4.4541520230599534e-08
457,0.00549102069325591,100.0,82.63574660633483,3.312269434575376e-07
458,0.00549102069325591,100.0,82.63574660633483,4.4541520230599534e-08
459,0.00549102069325591,100.0,82.63574660633483,4.4541520230599534e-08
460,0.00549102069325591,100.0,82.6923076923077,2.3566512606111167e-07
461,0.00549102069325591,100.0,82.63574660633483,3.6443061129207505e-08
462,0.00549102069325591,100.0,82.6923076923077,2.83446029932268e-08
463,0.00549102069325591,100.0,82.63574660633483,2.83446029932268e-08
464,0.00549102069325591,100.0,82.63574660633483,2.83446029932268e-08
465,0.00549102069325591,100.0,82.63574660633483,2.83446029932268e-08
466,0.00549102069325591,100.0,82.63574660633483,2.83446029932268e-08
467,0.00549102069325591,100.0,82.63574660633483,2.83446029932268e-08
468,0.00549102069325591,100.0,82.63574660633483,2.83446029932268e-08
469,0.00549102069325591,100.0,82.63574660633483,2.83446029932268e-08
470,0.00549102069325591,100.0,82.63574660633483,2.83446029932268e-08
471,0.00549102069325591,100.0,82.63574660633483,2.83446029932268e-08
472,0.00549102069325591,100.0,82.63574660633483,2.83446029932268e-08
473,0.00549102069325591,100.0,82.63574660633483,2.83446029932268e-08
474,0.00549102069325591,100.0,82.63574660633483,2.83446029932268e-08
475,0.00549102069325591,100.0,82.63574660633483,2.83446029932268e-08
476,0.00549102069325591,100.0,82.63574660633483,2.83446029932268e-08
477,0.00549102069325591,100.0,82.63574660633483,2.83446029932268e-08
478,0.00549102069325591,100.0,82.63574660633483,7.61255010719152e-08
479,0.00549102069325591,100.0,82.52262443438913,2.83446029932268e-08
480,0.00549102069325591,100.0,82.52262443438913,2.83446029932268e-08
481,0.00549102069325591,100.0,82.52262443438913,2.83446029932268e-08
482,0.00549102069325591,100.0,82.52262443438913,2.83446029932268e-08
483,0.00549102069325591,100.0,82.52262443438913,2.83446029932268e-08
484,0.00549102069325591,100.0,82.52262443438913,2.83446029932268e-08
485,0.00549102069325591,100.0,82.52262443438913,2.83446029932268e-08
486,0.00549102069325591,100.0,82.52262443438913,2.83446029932268e-08
487,0.00549102069325591,100.0,82.52262443438913,2.834460395863813e-08
488,0.00549102069325591,100.0,82.52262443438913,2.83446029932268e-08
489,0.00549102069325591,100.0,82.52262443438913,2.83446029932268e-08
490,0.00549102069325591,100.0,82.52262443438913,2.83446029932268e-08
491,0.00549102069325591,100.0,82.52262443438913,2.83446029932268e-08
492,0.00549102069325591,100.0,82.52262443438913,2.83446029932268e-08
493,0.00549102069325591,100.0,82.52262443438913,2.83446029932268e-08
494,0.00549102069325591,100.0,82.52262443438913,2.83446029932268e-08
495,0.00549102069325591,100.0,82.52262443438913,2.83446029932268e-08
496,0.00549102069325591,100.0,82.52262443438913,2.83446029932268e-08
497,0.00549102069325591,100.0,82.52262443438913,2.83446029932268e-08
498,0.00549102069325591,100.0,82.52262443438913,2.83446029932268e-08
499,0.00549102069325591,100.0,82.52262443438913,2.83446029932268e-08
500,0.00549102069325591,100.0,82.52262443438913,2.83446029932268e-08
501,0.00549102069325591,100.0,82.52262443438913,2.83446029932268e-08
502,0.00549102069325591,100.0,82.52262443438913,2.83446029932268e-08
503,0.00549102069325591,100.0,82.52262443438913,2.83446029932268e-08
504,0.00549102069325591,100.0,82.52262443438913,2.83446029932268e-08
505,0.00549102069325591,100.0,82.52262443438913,2.83446029932268e-08
506,0.00549102069325591,100.0,82.52262443438913,2.83446029932268e-08
507,0.00549102069325591,100.0,82.52262443438913,2.83446029932268e-08
508,0.00549102069325591,100.0,82.52262443438913,2.4295375373353436e-08
509,0.00549102069325591,100.0,82.52262443438913,2.83446029932268e-08
510,0.00549102069325591,100.0,82.52262443438913,2.83446029932268e-08
511,0.00549102069325591,100.0,82.52262443438913,2.4295375373353436e-08
512,0.00549102069325591,100.0,82.52262443438913,1.6196916271961407e-08
513,0.00549102069325591,100.0,82.52262443438913,1.6196916271961407e-08
514,0.00549102069325591,100.0,82.52262443438913,1.6196916271961407e-08
515,0.00549102069325591,100.0,82.52262443438913,1.6196916271961407e-08
516,0.00549102069325591,100.0,82.52262443438913,1.6196916271961407e-08
517,0.00549102069325591,100.0,82.52262443438913,1.6196916271961407e-08
518,0.00549102069325591,100.0,82.52262443438913,1.6196916271961407e-08
519,0.00549102069325591,100.0,82.52262443438913,1.6196916271961407e-08
520,0.00549102069325591,100.0,82.52262443438913,1.6196916271961407e-08
521,0.00549102069325591,100.0,82.52262443438913,1.6196916271961407e-08
522,0.00549102069325591,100.0,82.52262443438913,1.6196916271961407e-08
523,0.00549102069325591,100.0,82.52262443438913,1.6196916271961407e-08
524,0.00549102069325591,100.0,82.52262443438913,1.6196916271961407e-08
525,0.00549102069325591,100.0,82.52262443438913,1.6196916271961407e-08
526,0.00549102069325591,100.0,82.52262443438913,1.6196916271961407e-08
527,0.00549102069325591,100.0,82.52262443438913,1.6196916271961407e-08
528,0.00549102069325591,100.0,82.52262443438913,1.6196916271961407e-08
529,0.00549102069325591,100.0,82.52262443438913,1.6196916271961407e-08
530,0.00549102069325591,100.0,82.52262443438913,1.6196916271961407e-08
531,0.00549102069325591,100.0,82.52262443438913,1.6196916271961407e-08
532,0.00549102069325591,100.0,82.52262443438913,1.6196916271961407e-08
533,0.00549102069325591,100.0,82.52262443438913,1.6196916271961407e-08
534,0.00549102069325591,100.0,82.52262443438913,1.6196916271961407e-08
535,0.00549102069325591,100.0,82.52262443438913,1.6196916271961407e-08
536,0.00549102069325591,100.0,82.52262443438913,1.6196916271961407e-08
537,0.00549102069325591,100.0,82.52262443438913,1.6196916271961407e-08
538,0.00549102069325591,100.0,82.52262443438913,1.6196916271961407e-08
539,0.00549102069325591,100.0,82.52262443438913,1.6196916271961407e-08
540,0.00549102069325591,100.0,82.52262443438913,1.6196916271961407e-08
541,0.00549102069325591,100.0,82.52262443438913,1.6196916271961407e-08
542,0.00549102069325591,100.0,82.52262443438913,1.6196916271961407e-08
543,0.00549102069325591,100.0,82.52262443438913,1.6196916271961407e-08
544,0.00549102069325591,100.0,82.52262443438913,1.6196916271961407e-08
545,0.00549102069325591,100.0,82.52262443438913,1.6196916271961407e-08
546,0.00549102069325591,100.0,82.52262443438913,1.6196916271961407e-08
547,0.00549102069325591,100.0,82.52262443438913,1.6196916271961407e-08
548,0.00549102069325591,100.0,82.52262443438913,1.6196916271961407e-08
549,0.00549102069325591,100.0,82.52262443438913,1.6196916271961407e-08
550,0.00549102069325591,100.0,82.52262443438913,1.6196916271961407e-08
551,0.00549102069325591,100.0,82.52262443438913,1.6196916271961407e-08
552,0.00549102069325591,100.0,82.52262443438913,1.6196916271961407e-08
553,0.00549102069325591,100.0,82.52262443438913,1.6196916271961407e-08
554,0.00549102069325591,100.0,82.52262443438913,1.6196916271961407e-08
555,0.00549102069325591,100.0,82.52262443438913,1.6196916271961407e-08
556,0.00549102069325591,100.0,82.52262443438913,1.6196916271961407e-08
557,0.00549102069325591,100.0,82.52262443438913,1.6196916271961407e-08
558,0.00549102069325591,100.0,82.52262443438913,1.6196916271961407e-08
559,0.00549102069325591,100.0,82.52262443438913,1.6196916271961407e-08
560,0.00549102069325591,100.0,82.52262443438913,1.6196916271961407e-08
561,0.00549102069325591,100.0,82.52262443438913,1.6196916271961407e-08
562,0.00549102069325591,100.0,82.52262443438913,1.6196916271961407e-08
563,0.00549102069325591,100.0,82.52262443438913,1.6196916271961407e-08
564,0.00549102069325591,100.0,82.52262443438913,1.6196916271961407e-08
565,0.00549102069325591,100.0,82.52262443438913,1.6196916271961407e-08
566,0.00549102069325591,100.0,82.52262443438913,1.6196916271961407e-08
567,0.00549102069325591,100.0,82.52262443438913,1.6196916271961407e-08
568,0.00549102069325591,100.0,82.52262443438913,8.098458135980704e-09
569,0.00549102069325591,100.0,82.52262443438913,8.098458135980704e-09
570,0.00549102069325591,100.0,82.52262443438913,8.098458135980704e-09
571,0.00549102069325591,100.0,82.52262443438913,8.098458135980704e-09
572,0.00549102069325591,100.0,82.52262443438913,8.098458135980704e-09
573,0.00549102069325591,100.0,82.52262443438913,8.098458135980704e-09
574,0.00549102069325591,100.0,82.52262443438913,8.098458135980704e-09
575,0.00549102069325591,100.0,82.52262443438913,8.098458135980704e-09
576,0.00549102069325591,100.0,82.52262443438913,8.098458135980704e-09
577,0.00549102069325591,100.0,82.52262443438913,8.098458135980704e-09
578,0.00549102069325591,100.0,82.52262443438913,8.098458135980704e-09
579,0.00549102069325591,100.0,82.52262443438913,8.098458135980704e-09
580,0.00549102069325591,100.0,82.52262443438913,8.098458135980704e-09
581,0.00549102069325591,100.0,82.52262443438913,8.098458135980704e-09
582,0.00549102069325591,100.0,82.52262443438913,8.098458135980704e-09
583,0.00549102069325591,100.0,82.52262443438913,8.098458135980704e-09
584,0.00549102069325591,100.0,82.52262443438913,8.098458135980704e-09
585,0.00549102069325591,100.0,82.52262443438913,8.098458135980704e-09
586,0.00549102069325591,100.0,82.52262443438913,8.098458135980704e-09
587,0.00549102069325591,100.0,82.46606334841628,8.098458135980704e-09
588,0.00549102069325591,100.0,82.46606334841628,8.098458135980704e-09
589,0.00549102069325591,100.0,82.52262443438913,8.098458135980704e-09
590,0.00549102069325591,100.0,82.52262443438913,8.098458135980704e-09
591,0.00549102069325591,100.0,82.52262443438913,8.098458135980704e-09
592,0.00549102069325591,100.0,82.52262443438913,8.098458135980704e-09
593,0.00549102069325591,100.0,82.46606334841628,8.098458135980704e-09
594,0.00549102069325591,100.0,82.46606334841628,8.098458135980704e-09
595,0.00549102069325591,100.0,82.46606334841628,8.098458135980704e-09
596,0.00549102069325591,100.0,82.52262443438913,8.098458135980704e-09
597,0.00549102069325591,100.0,82.52262443438913,8.098458135980704e-09
598,0.00549102069325591,100.0,82.52262443438913,8.098458135980704e-09
599,0.00549102069325591,100.0,82.46606334841628,8.098458135980704e-09
